old,new,category,kind
models/firewatchtower/meshes/abandoned_car.fbx,models/firewatch/thirdparty/vehicles/abandoned_car.fbx,vehicles,model
models/firewatchtower/meshes/abandoned_car.vmdl,models/firewatch/thirdparty/vehicles/abandoned_car.vmdl,vehicles,model
models/firewatchtower/meshes/allrock01.fbx,models/firewatch/thirdparty/nature/rocks/allrock01.fbx,nature/rocks,model
models/firewatchtower/meshes/allrock01.vmdl,models/firewatch/thirdparty/nature/rocks/allrock01.vmdl,nature/rocks,model
models/firewatchtower/meshes/allrock02.fbx,models/firewatch/thirdparty/nature/rocks/allrock02.fbx,nature/rocks,model
models/firewatchtower/meshes/allrock02.vmdl,models/firewatch/thirdparty/nature/rocks/allrock02.vmdl,nature/rocks,model
models/firewatchtower/meshes/allrock03.fbx,models/firewatch/thirdparty/nature/rocks/allrock03.fbx,nature/rocks,model
models/firewatchtower/meshes/allrock03.vmdl,models/firewatch/thirdparty/nature/rocks/allrock03.vmdl,nature/rocks,model
models/firewatchtower/meshes/allrock04.fbx,models/firewatch/thirdparty/nature/rocks/allrock04.fbx,nature/rocks,model
models/firewatchtower/meshes/allrock04.vmdl,models/firewatch/thirdparty/nature/rocks/allrock04.vmdl,nature/rocks,model
models/firewatchtower/meshes/allrock05.fbx,models/firewatch/thirdparty/nature/rocks/allrock05.fbx,nature/rocks,model
models/firewatchtower/meshes/allrock05.vmdl,models/firewatch/thirdparty/nature/rocks/allrock05.vmdl,nature/rocks,model
models/firewatchtower/meshes/allrock06.fbx,models/firewatch/thirdparty/nature/rocks/allrock06.fbx,nature/rocks,model
models/firewatchtower/meshes/allrock06.vmdl,models/firewatch/thirdparty/nature/rocks/allrock06.vmdl,nature/rocks,model
models/firewatchtower/meshes/antenna.fbx,models/firewatch/thirdparty/structures/tower/antenna.fbx,structures/tower,model
models/firewatchtower/meshes/antenna.vmdl,models/firewatch/thirdparty/structures/tower/antenna.vmdl,structures/tower,model
models/firewatchtower/meshes/armchair.fbx,models/firewatch/thirdparty/props/furniture/armchair.fbx,props/furniture,model
models/firewatchtower/meshes/armchair.vmdl,models/firewatch/thirdparty/props/furniture/armchair.vmdl,props/furniture,model
models/firewatchtower/meshes/ashtray_01.fbx,models/firewatch/thirdparty/props/containers/ashtray_01.fbx,props/containers,model
models/firewatchtower/meshes/ashtray_01.vmdl,models/firewatch/thirdparty/props/containers/ashtray_01.vmdl,props/containers,model
models/firewatchtower/meshes/ashtray_02.fbx,models/firewatch/thirdparty/props/containers/ashtray_02.fbx,props/containers,model
models/firewatchtower/meshes/ashtray_02.vmdl,models/firewatch/thirdparty/props/containers/ashtray_02.vmdl,props/containers,model
models/firewatchtower/meshes/axe.fbx,models/firewatch/thirdparty/props/small/axe.fbx,props/small,model
models/firewatchtower/meshes/axe.vmdl,models/firewatch/thirdparty/props/small/axe.vmdl,props/small,model
models/firewatchtower/meshes/barrel.fbx,models/firewatch/thirdparty/props/containers/barrel.fbx,props/containers,model
models/firewatchtower/meshes/barrel.vmdl,models/firewatch/thirdparty/props/containers/barrel.vmdl,props/containers,model
models/firewatchtower/meshes/barrel2.fbx,models/firewatch/thirdparty/props/containers/barrel2.fbx,props/containers,model
models/firewatchtower/meshes/barrel2.vmdl,models/firewatch/thirdparty/props/containers/barrel2.vmdl,props/containers,model
models/firewatchtower/meshes/bed.fbx,models/firewatch/thirdparty/props/furniture/bed.fbx,props/furniture,model
models/firewatchtower/meshes/bed.vmdl,models/firewatch/thirdparty/props/furniture/bed.vmdl,props/furniture,model
models/firewatchtower/meshes/big_cliff_1.fbx,models/firewatch/thirdparty/nature/rocks/big_cliff_1.fbx,nature/rocks,model
models/firewatchtower/meshes/big_cliff_1.vmdl,models/firewatch/thirdparty/nature/rocks/big_cliff_1.vmdl,nature/rocks,model
models/firewatchtower/meshes/big_cliff_2.fbx,models/firewatch/thirdparty/nature/rocks/big_cliff_2.fbx,nature/rocks,model
models/firewatchtower/meshes/big_cliff_2.vmdl,models/firewatch/thirdparty/nature/rocks/big_cliff_2.vmdl,nature/rocks,model
models/firewatchtower/meshes/big_stone_1.fbx,models/firewatch/thirdparty/nature/rocks/big_stone_1.fbx,nature/rocks,model
models/firewatchtower/meshes/big_stone_1.vmdl,models/firewatch/thirdparty/nature/rocks/big_stone_1.vmdl,nature/rocks,model
models/firewatchtower/meshes/big_stone_2.fbx,models/firewatch/thirdparty/nature/rocks/big_stone_2.fbx,nature/rocks,model
models/firewatchtower/meshes/big_stone_2.vmdl,models/firewatch/thirdparty/nature/rocks/big_stone_2.vmdl,nature/rocks,model
models/firewatchtower/meshes/big_stone_3.fbx,models/firewatch/thirdparty/nature/rocks/big_stone_3.fbx,nature/rocks,model
models/firewatchtower/meshes/big_stone_3.vmdl,models/firewatch/thirdparty/nature/rocks/big_stone_3.vmdl,nature/rocks,model
models/firewatchtower/meshes/big_stone_4.fbx,models/firewatch/thirdparty/nature/rocks/big_stone_4.fbx,nature/rocks,model
models/firewatchtower/meshes/big_stone_4.vmdl,models/firewatch/thirdparty/nature/rocks/big_stone_4.vmdl,nature/rocks,model
models/firewatchtower/meshes/blind_02.fbx,models/firewatch/thirdparty/structures/walls_windows/blind_02.fbx,structures/walls_windows,model
models/firewatchtower/meshes/blind_02.vmdl,models/firewatch/thirdparty/structures/walls_windows/blind_02.vmdl,structures/walls_windows,model
models/firewatchtower/meshes/blind_03.fbx,models/firewatch/thirdparty/structures/walls_windows/blind_03.fbx,structures/walls_windows,model
models/firewatchtower/meshes/blind_03.vmdl,models/firewatch/thirdparty/structures/walls_windows/blind_03.vmdl,structures/walls_windows,model
models/firewatchtower/meshes/blind_04.fbx,models/firewatch/thirdparty/structures/walls_windows/blind_04.fbx,structures/walls_windows,model
models/firewatchtower/meshes/blind_04.vmdl,models/firewatch/thirdparty/structures/walls_windows/blind_04.vmdl,structures/walls_windows,model
models/firewatchtower/meshes/bottle.fbx,models/firewatch/thirdparty/props/small/bottle.fbx,props/small,model
models/firewatchtower/meshes/bottle.vmdl,models/firewatch/thirdparty/props/small/bottle.vmdl,props/small,model
models/firewatchtower/meshes/bottle_01.fbx,models/firewatch/thirdparty/props/small/bottle_01.fbx,props/small,model
models/firewatchtower/meshes/bottle_01.vmdl,models/firewatch/thirdparty/props/small/bottle_01.vmdl,props/small,model
models/firewatchtower/meshes/bottle_04.fbx,models/firewatch/thirdparty/props/small/bottle_04.fbx,props/small,model
models/firewatchtower/meshes/bottle_04.vmdl,models/firewatch/thirdparty/props/small/bottle_04.vmdl,props/small,model
models/firewatchtower/meshes/bottle_05.fbx,models/firewatch/thirdparty/props/small/bottle_05.fbx,props/small,model
models/firewatchtower/meshes/bottle_05.vmdl,models/firewatch/thirdparty/props/small/bottle_05.vmdl,props/small,model
models/firewatchtower/meshes/bottle_06.fbx,models/firewatch/thirdparty/props/small/bottle_06.fbx,props/small,model
models/firewatchtower/meshes/bottle_06.vmdl,models/firewatch/thirdparty/props/small/bottle_06.vmdl,props/small,model
models/firewatchtower/meshes/bottle_07.fbx,models/firewatch/thirdparty/props/small/bottle_07.fbx,props/small,model
models/firewatchtower/meshes/bottle_07.vmdl,models/firewatch/thirdparty/props/small/bottle_07.vmdl,props/small,model
models/firewatchtower/meshes/bottle_08.fbx,models/firewatch/thirdparty/props/small/bottle_08.fbx,props/small,model
models/firewatchtower/meshes/bottle_08.vmdl,models/firewatch/thirdparty/props/small/bottle_08.vmdl,props/small,model
models/firewatchtower/meshes/bottle_09.fbx,models/firewatch/thirdparty/props/small/bottle_09.fbx,props/small,model
models/firewatchtower/meshes/bottle_09.vmdl,models/firewatch/thirdparty/props/small/bottle_09.vmdl,props/small,model
models/firewatchtower/meshes/box01.fbx,models/firewatch/thirdparty/props/containers/box01.fbx,props/containers,model
models/firewatchtower/meshes/box01.vmdl,models/firewatch/thirdparty/props/containers/box01.vmdl,props/containers,model
models/firewatchtower/meshes/box02.fbx,models/firewatch/thirdparty/props/containers/box02.fbx,props/containers,model
models/firewatchtower/meshes/box02.vmdl,models/firewatch/thirdparty/props/containers/box02.vmdl,props/containers,model
models/firewatchtower/meshes/brick.fbx,models/firewatch/thirdparty/construction/wood/brick.fbx,construction/wood,model
models/firewatchtower/meshes/brick.vmdl,models/firewatch/thirdparty/construction/wood/brick.vmdl,construction/wood,model
models/firewatchtower/meshes/merged/bridge_02.fbx,models/firewatch/thirdparty/infra/bridge_02.fbx,infra,model
models/firewatchtower/meshes/merged/bridge_02.vmdl,models/firewatch/thirdparty/infra/bridge_02.vmdl,infra,model
models/firewatchtower/meshes/merged/bridgemerged.fbx,models/firewatch/thirdparty/infra/bridgemerged.fbx,infra,model
models/firewatchtower/meshes/merged/bridgemerged.vmdl,models/firewatch/thirdparty/infra/bridgemerged.vmdl,infra,model
models/firewatchtower/meshes/bucket01.fbx,models/firewatch/thirdparty/props/containers/bucket01.fbx,props/containers,model
models/firewatchtower/meshes/bucket01.vmdl,models/firewatch/thirdparty/props/containers/bucket01.vmdl,props/containers,model
models/firewatchtower/meshes/bush.fbx,models/firewatch/thirdparty/nature/foliage/bush.fbx,nature/foliage,model
models/firewatchtower/meshes/bush.vmdl,models/firewatch/thirdparty/nature/foliage/bush.vmdl,nature/foliage,model
models/firewatchtower/meshes/campfire01.fbx,models/firewatch/thirdparty/props/small/campfire01.fbx,props/small,model
models/firewatchtower/meshes/campfire01.vmdl,models/firewatch/thirdparty/props/small/campfire01.vmdl,props/small,model
models/firewatchtower/meshes/campfire02.fbx,models/firewatch/thirdparty/props/small/campfire02.fbx,props/small,model
models/firewatchtower/meshes/campfire02.vmdl,models/firewatch/thirdparty/props/small/campfire02.vmdl,props/small,model
models/firewatchtower/meshes/can.fbx,models/firewatch/thirdparty/props/containers/can.fbx,props/containers,model
models/firewatchtower/meshes/can.vmdl,models/firewatch/thirdparty/props/containers/can.vmdl,props/containers,model
models/firewatchtower/meshes/can2.fbx,models/firewatch/thirdparty/props/containers/can2.fbx,props/containers,model
models/firewatchtower/meshes/can2.vmdl,models/firewatch/thirdparty/props/containers/can2.vmdl,props/containers,model
models/firewatchtower/meshes/can_l.fbx,models/firewatch/thirdparty/props/containers/can_l.fbx,props/containers,model
models/firewatchtower/meshes/can_l.vmdl,models/firewatch/thirdparty/props/containers/can_l.vmdl,props/containers,model
models/firewatchtower/meshes/can_s.fbx,models/firewatch/thirdparty/props/containers/can_s.fbx,props/containers,model
models/firewatchtower/meshes/can_s.vmdl,models/firewatch/thirdparty/props/containers/can_s.vmdl,props/containers,model
models/firewatchtower/meshes/carboard1.fbx,models/firewatch/thirdparty/props/debris/carboard1.fbx,props/debris,model
models/firewatchtower/meshes/carboard1.vmdl,models/firewatch/thirdparty/props/debris/carboard1.vmdl,props/debris,model
models/firewatchtower/meshes/carboard2.fbx,models/firewatch/thirdparty/props/debris/carboard2.fbx,props/debris,model
models/firewatchtower/meshes/carboard2.vmdl,models/firewatch/thirdparty/props/debris/carboard2.vmdl,props/debris,model
models/firewatchtower/meshes/carboard3.fbx,models/firewatch/thirdparty/props/debris/carboard3.fbx,props/debris,model
models/firewatchtower/meshes/carboard3.vmdl,models/firewatch/thirdparty/props/debris/carboard3.vmdl,props/debris,model
models/firewatchtower/meshes/carboard4.fbx,models/firewatch/thirdparty/props/debris/carboard4.fbx,props/debris,model
models/firewatchtower/meshes/carboard4.vmdl,models/firewatch/thirdparty/props/debris/carboard4.vmdl,props/debris,model
models/firewatchtower/meshes/carboard5.fbx,models/firewatch/thirdparty/props/debris/carboard5.fbx,props/debris,model
models/firewatchtower/meshes/carboard5.vmdl,models/firewatch/thirdparty/props/debris/carboard5.vmdl,props/debris,model
models/firewatchtower/meshes/cardboard01.fbx,models/firewatch/thirdparty/props/debris/cardboard01.fbx,props/debris,model
models/firewatchtower/meshes/cardboard01.vmdl,models/firewatch/thirdparty/props/debris/cardboard01.vmdl,props/debris,model
models/firewatchtower/meshes/cardboard02.fbx,models/firewatch/thirdparty/props/debris/cardboard02.fbx,props/debris,model
models/firewatchtower/meshes/cardboard02.vmdl,models/firewatch/thirdparty/props/debris/cardboard02.vmdl,props/debris,model
models/firewatchtower/meshes/cart.fbx,models/firewatch/thirdparty/vehicles/cart.fbx,vehicles,model
models/firewatchtower/meshes/cart.vmdl,models/firewatch/thirdparty/vehicles/cart.vmdl,vehicles,model
models/firewatchtower/meshes/cartridge.fbx,models/firewatch/thirdparty/vehicles/cartridge.fbx,vehicles,model
models/firewatchtower/meshes/cartridge.vmdl,models/firewatch/thirdparty/vehicles/cartridge.vmdl,vehicles,model
models/firewatchtower/meshes/case01.fbx,models/firewatch/thirdparty/props/furniture/case01.fbx,props/furniture,model
models/firewatchtower/meshes/case01.vmdl,models/firewatch/thirdparty/props/furniture/case01.vmdl,props/furniture,model
models/firewatchtower/meshes/ceiling_light_01.fbx,models/firewatch/thirdparty/props/lighting/ceiling_light_01.fbx,props/lighting,model
models/firewatchtower/meshes/ceiling_light_01.vmdl,models/firewatch/thirdparty/props/lighting/ceiling_light_01.vmdl,props/lighting,model
models/firewatchtower/meshes/chair.fbx,models/firewatch/thirdparty/props/furniture/chair.fbx,props/furniture,model
models/firewatchtower/meshes/chair.vmdl,models/firewatch/thirdparty/props/furniture/chair.vmdl,props/furniture,model
models/firewatchtower/meshes/chair_02.fbx,models/firewatch/thirdparty/props/furniture/chair_02.fbx,props/furniture,model
models/firewatchtower/meshes/chair_02.vmdl,models/firewatch/thirdparty/props/furniture/chair_02.vmdl,props/furniture,model
models/firewatchtower/meshes/chest01.fbx,models/firewatch/thirdparty/props/furniture/chest01.fbx,props/furniture,model
models/firewatchtower/meshes/chest01.vmdl,models/firewatch/thirdparty/props/furniture/chest01.vmdl,props/furniture,model
models/firewatchtower/meshes/chimney.fbx,models/firewatch/thirdparty/structures/buildings/chimney.fbx,structures/buildings,model
models/firewatchtower/meshes/chimney.vmdl,models/firewatch/thirdparty/structures/buildings/chimney.vmdl,structures/buildings,model
models/firewatchtower/meshes/chipspacket.fbx,models/firewatch/thirdparty/props/small/chipspacket.fbx,props/small,model
models/firewatchtower/meshes/chipspacket.vmdl,models/firewatch/thirdparty/props/small/chipspacket.vmdl,props/small,model
models/firewatchtower/meshes/cigarette01.fbx,models/firewatch/thirdparty/props/small/cigarette01.fbx,props/small,model
models/firewatchtower/meshes/cigarette01.vmdl,models/firewatch/thirdparty/props/small/cigarette01.vmdl,props/small,model
models/firewatchtower/meshes/cigarette02.fbx,models/firewatch/thirdparty/props/small/cigarette02.fbx,props/small,model
models/firewatchtower/meshes/cigarette02.vmdl,models/firewatch/thirdparty/props/small/cigarette02.vmdl,props/small,model
models/firewatchtower/meshes/cigarettebox.fbx,models/firewatch/thirdparty/props/containers/cigarettebox.fbx,props/containers,model
models/firewatchtower/meshes/cigarettebox.vmdl,models/firewatch/thirdparty/props/containers/cigarettebox.vmdl,props/containers,model
models/firewatchtower/meshes/cliff_hanger.fbx,models/firewatch/thirdparty/nature/rocks/cliff_hanger.fbx,nature/rocks,model
models/firewatchtower/meshes/cliff_hanger.vmdl,models/firewatch/thirdparty/nature/rocks/cliff_hanger.vmdl,nature/rocks,model
models/firewatchtower/meshes/clothes01.fbx,models/firewatch/thirdparty/props/debris/clothes01.fbx,props/debris,model
models/firewatchtower/meshes/clothes01.vmdl,models/firewatch/thirdparty/props/debris/clothes01.vmdl,props/debris,model
models/firewatchtower/meshes/clothes02.fbx,models/firewatch/thirdparty/props/debris/clothes02.fbx,props/debris,model
models/firewatchtower/meshes/clothes02.vmdl,models/firewatch/thirdparty/props/debris/clothes02.vmdl,props/debris,model
models/firewatchtower/meshes/clothes03.fbx,models/firewatch/thirdparty/props/debris/clothes03.fbx,props/debris,model
models/firewatchtower/meshes/clothes03.vmdl,models/firewatch/thirdparty/props/debris/clothes03.vmdl,props/debris,model
models/firewatchtower/meshes/clothes04.fbx,models/firewatch/thirdparty/props/debris/clothes04.fbx,props/debris,model
models/firewatchtower/meshes/clothes04.vmdl,models/firewatch/thirdparty/props/debris/clothes04.vmdl,props/debris,model
models/firewatchtower/meshes/clothes05.fbx,models/firewatch/thirdparty/props/debris/clothes05.fbx,props/debris,model
models/firewatchtower/meshes/clothes05.vmdl,models/firewatch/thirdparty/props/debris/clothes05.vmdl,props/debris,model
models/firewatchtower/meshes/cornustree.fbx,models/firewatch/thirdparty/nature/trees/cornustree.fbx,nature/trees,model
models/firewatchtower/meshes/cornustree.vmdl,models/firewatch/thirdparty/nature/trees/cornustree.vmdl,nature/trees,model
models/firewatchtower/meshes/cup01.fbx,models/firewatch/thirdparty/props/small/cup01.fbx,props/small,model
models/firewatchtower/meshes/cup01.vmdl,models/firewatch/thirdparty/props/small/cup01.vmdl,props/small,model
models/firewatchtower/meshes/cup02.fbx,models/firewatch/thirdparty/props/small/cup02.fbx,props/small,model
models/firewatchtower/meshes/cup02.vmdl,models/firewatch/thirdparty/props/small/cup02.vmdl,props/small,model
models/firewatchtower/meshes/cup03.fbx,models/firewatch/thirdparty/props/small/cup03.fbx,props/small,model
models/firewatchtower/meshes/cup03.vmdl,models/firewatch/thirdparty/props/small/cup03.vmdl,props/small,model
models/firewatchtower/meshes/deadgrass.fbx,models/firewatch/thirdparty/nature/foliage/deadgrass.fbx,nature/foliage,model
models/firewatchtower/meshes/deadgrass.vmdl,models/firewatch/thirdparty/nature/foliage/deadgrass.vmdl,nature/foliage,model
models/firewatchtower/meshes/drawer.fbx,models/firewatch/thirdparty/props/furniture/drawer.fbx,props/furniture,model
models/firewatchtower/meshes/drawer.vmdl,models/firewatch/thirdparty/props/furniture/drawer.vmdl,props/furniture,model
models/firewatchtower/meshes/driedgroundalpha01.fbx,models/firewatch/thirdparty/nature/foliage/driedgroundalpha01.fbx,nature/foliage,model
models/firewatchtower/meshes/driedgroundalpha01.vmdl,models/firewatch/thirdparty/nature/foliage/driedgroundalpha01.vmdl,nature/foliage,model
models/firewatchtower/meshes/driedgroundalpha02.fbx,models/firewatch/thirdparty/nature/foliage/driedgroundalpha02.fbx,nature/foliage,model
models/firewatchtower/meshes/driedgroundalpha02.vmdl,models/firewatch/thirdparty/nature/foliage/driedgroundalpha02.vmdl,nature/foliage,model
models/firewatchtower/meshes/driedleaves.fbx,models/firewatch/thirdparty/nature/foliage/driedleaves.fbx,nature/foliage,model
models/firewatchtower/meshes/driedleaves.vmdl,models/firewatch/thirdparty/nature/foliage/driedleaves.vmdl,nature/foliage,model
models/firewatchtower/meshes/drygrass.fbx,models/firewatch/thirdparty/nature/foliage/drygrass.fbx,nature/foliage,model
models/firewatchtower/meshes/drygrass.vmdl,models/firewatch/thirdparty/nature/foliage/drygrass.vmdl,nature/foliage,model
models/firewatchtower/meshes/drygrass02.fbx,models/firewatch/thirdparty/nature/foliage/drygrass02.fbx,nature/foliage,model
models/firewatchtower/meshes/drygrass02.vmdl,models/firewatch/thirdparty/nature/foliage/drygrass02.vmdl,nature/foliage,model
models/firewatchtower/meshes/electricpole.fbx,models/firewatch/thirdparty/infra/electricpole.fbx,infra,model
models/firewatchtower/meshes/electricpole.vmdl,models/firewatch/thirdparty/infra/electricpole.vmdl,infra,model
models/firewatchtower/meshes/fence01.fbx,models/firewatch/thirdparty/structures/fences/fence01.fbx,structures/fences,model
models/firewatchtower/meshes/fence01.vmdl,models/firewatch/thirdparty/structures/fences/fence01.vmdl,structures/fences,model
models/firewatchtower/meshes/fence02.fbx,models/firewatch/thirdparty/structures/fences/fence02.fbx,structures/fences,model
models/firewatchtower/meshes/fence02.vmdl,models/firewatch/thirdparty/structures/fences/fence02.vmdl,structures/fences,model
models/firewatchtower/meshes/fence03.fbx,models/firewatch/thirdparty/structures/fences/fence03.fbx,structures/fences,model
models/firewatchtower/meshes/fence03.vmdl,models/firewatch/thirdparty/structures/fences/fence03.vmdl,structures/fences,model
models/firewatchtower/meshes/fence04.fbx,models/firewatch/thirdparty/structures/fences/fence04.fbx,structures/fences,model
models/firewatchtower/meshes/fence04.vmdl,models/firewatch/thirdparty/structures/fences/fence04.vmdl,structures/fences,model
models/firewatchtower/meshes/fence_gate.fbx,models/firewatch/thirdparty/structures/fences/fence_gate.fbx,structures/fences,model
models/firewatchtower/meshes/fence_gate.vmdl,models/firewatch/thirdparty/structures/fences/fence_gate.vmdl,structures/fences,model
models/firewatchtower/meshes/fern.fbx,models/firewatch/thirdparty/nature/foliage/fern.fbx,nature/foliage,model
models/firewatchtower/meshes/fern.vmdl,models/firewatch/thirdparty/nature/foliage/fern.vmdl,nature/foliage,model
models/firewatchtower/meshes/festuca.fbx,models/firewatch/thirdparty/nature/foliage/festuca.fbx,nature/foliage,model
models/firewatchtower/meshes/festuca.vmdl,models/firewatch/thirdparty/nature/foliage/festuca.vmdl,nature/foliage,model
models/firewatchtower/meshes/festuca02.fbx,models/firewatch/thirdparty/nature/foliage/festuca02.fbx,nature/foliage,model
models/firewatchtower/meshes/festuca02.vmdl,models/firewatch/thirdparty/nature/foliage/festuca02.vmdl,nature/foliage,model
models/firewatchtower/meshes/firelookouttower.fbx,models/firewatch/thirdparty/structures/tower/firelookouttower.fbx,structures/tower,model
models/firewatchtower/meshes/firelookouttower.vmdl,models/firewatch/thirdparty/structures/tower/firelookouttower.vmdl,structures/tower,model
models/firewatchtower/meshes/firetower.fbx,models/firewatch/thirdparty/structures/tower/firetower.fbx,structures/tower,model
models/firewatchtower/meshes/firetower.vmdl,models/firewatch/thirdparty/structures/tower/firetower.vmdl,structures/tower,model
models/firewatchtower/meshes/flag.fbx,models/firewatch/thirdparty/props/small/flag.fbx,props/small,model
models/firewatchtower/meshes/flag.vmdl,models/firewatch/thirdparty/props/small/flag.vmdl,props/small,model
models/firewatchtower/meshes/flammabletank.fbx,models/firewatch/thirdparty/props/containers/flammabletank.fbx,props/containers,model
models/firewatchtower/meshes/flammabletank.vmdl,models/firewatch/thirdparty/props/containers/flammabletank.vmdl,props/containers,model
models/firewatchtower/meshes/floor.fbx,models/firewatch/thirdparty/infra/floor.fbx,infra,model
models/firewatchtower/meshes/floor.vmdl,models/firewatch/thirdparty/infra/floor.vmdl,infra,model
models/firewatchtower/meshes/flower.fbx,models/firewatch/thirdparty/nature/foliage/flower.fbx,nature/foliage,model
models/firewatchtower/meshes/flower.vmdl,models/firewatch/thirdparty/nature/foliage/flower.vmdl,nature/foliage,model
models/firewatchtower/meshes/garage01.fbx,models/firewatch/thirdparty/structures/buildings/garage01.fbx,structures/buildings,model
models/firewatchtower/meshes/garage01.vmdl,models/firewatch/thirdparty/structures/buildings/garage01.vmdl,structures/buildings,model
models/firewatchtower/meshes/garage02.fbx,models/firewatch/thirdparty/structures/buildings/garage02.fbx,structures/buildings,model
models/firewatchtower/meshes/garage02.vmdl,models/firewatch/thirdparty/structures/buildings/garage02.vmdl,structures/buildings,model
models/firewatchtower/meshes/garagecove02.fbx,models/firewatch/thirdparty/structures/buildings/garagecove02.fbx,structures/buildings,model
models/firewatchtower/meshes/garagecove02.vmdl,models/firewatch/thirdparty/structures/buildings/garagecove02.vmdl,structures/buildings,model
models/firewatchtower/meshes/grass01.fbx,models/firewatch/thirdparty/nature/foliage/grass01.fbx,nature/foliage,model
models/firewatchtower/meshes/grass01.vmdl,models/firewatch/thirdparty/nature/foliage/grass01.vmdl,nature/foliage,model
models/firewatchtower/meshes/grass02.fbx,models/firewatch/thirdparty/nature/foliage/grass02.fbx,nature/foliage,model
models/firewatchtower/meshes/grass02.vmdl,models/firewatch/thirdparty/nature/foliage/grass02.vmdl,nature/foliage,model
models/firewatchtower/meshes/grass1.fbx,models/firewatch/thirdparty/nature/foliage/grass1.fbx,nature/foliage,model
models/firewatchtower/meshes/grass1.vmdl,models/firewatch/thirdparty/nature/foliage/grass1.vmdl,nature/foliage,model
models/firewatchtower/meshes/grass10.fbx,models/firewatch/thirdparty/nature/foliage/grass10.fbx,nature/foliage,model
models/firewatchtower/meshes/grass10.vmdl,models/firewatch/thirdparty/nature/foliage/grass10.vmdl,nature/foliage,model
models/firewatchtower/meshes/grass11.fbx,models/firewatch/thirdparty/nature/foliage/grass11.fbx,nature/foliage,model
models/firewatchtower/meshes/grass11.vmdl,models/firewatch/thirdparty/nature/foliage/grass11.vmdl,nature/foliage,model
models/firewatchtower/meshes/grass2.fbx,models/firewatch/thirdparty/nature/foliage/grass2.fbx,nature/foliage,model
models/firewatchtower/meshes/grass2.vmdl,models/firewatch/thirdparty/nature/foliage/grass2.vmdl,nature/foliage,model
models/firewatchtower/meshes/grass3.fbx,models/firewatch/thirdparty/nature/foliage/grass3.fbx,nature/foliage,model
models/firewatchtower/meshes/grass3.vmdl,models/firewatch/thirdparty/nature/foliage/grass3.vmdl,nature/foliage,model
models/firewatchtower/meshes/grass4.fbx,models/firewatch/thirdparty/nature/foliage/grass4.fbx,nature/foliage,model
models/firewatchtower/meshes/grass4.vmdl,models/firewatch/thirdparty/nature/foliage/grass4.vmdl,nature/foliage,model
models/firewatchtower/meshes/grass5.fbx,models/firewatch/thirdparty/nature/foliage/grass5.fbx,nature/foliage,model
models/firewatchtower/meshes/grass5.vmdl,models/firewatch/thirdparty/nature/foliage/grass5.vmdl,nature/foliage,model
models/firewatchtower/meshes/grass6.fbx,models/firewatch/thirdparty/nature/foliage/grass6.fbx,nature/foliage,model
models/firewatchtower/meshes/grass6.vmdl,models/firewatch/thirdparty/nature/foliage/grass6.vmdl,nature/foliage,model
models/firewatchtower/meshes/grass7.fbx,models/firewatch/thirdparty/nature/foliage/grass7.fbx,nature/foliage,model
models/firewatchtower/meshes/grass7.vmdl,models/firewatch/thirdparty/nature/foliage/grass7.vmdl,nature/foliage,model
models/firewatchtower/meshes/grass8.fbx,models/firewatch/thirdparty/nature/foliage/grass8.fbx,nature/foliage,model
models/firewatchtower/meshes/grass8.vmdl,models/firewatch/thirdparty/nature/foliage/grass8.vmdl,nature/foliage,model
models/firewatchtower/meshes/grass9.fbx,models/firewatch/thirdparty/nature/foliage/grass9.fbx,nature/foliage,model
models/firewatchtower/meshes/grass9.vmdl,models/firewatch/thirdparty/nature/foliage/grass9.vmdl,nature/foliage,model
models/firewatchtower/meshes/groundplant01.fbx,models/firewatch/thirdparty/nature/foliage/groundplant01.fbx,nature/foliage,model
models/firewatchtower/meshes/groundplant01.vmdl,models/firewatch/thirdparty/nature/foliage/groundplant01.vmdl,nature/foliage,model
models/firewatchtower/meshes/grouped_rock_2.fbx,models/firewatch/thirdparty/nature/rocks/grouped_rock_2.fbx,nature/rocks,model
models/firewatchtower/meshes/grouped_rock_2.vmdl,models/firewatch/thirdparty/nature/rocks/grouped_rock_2.vmdl,nature/rocks,model
models/firewatchtower/meshes/grouped_rock_3.fbx,models/firewatch/thirdparty/nature/rocks/grouped_rock_3.fbx,nature/rocks,model
models/firewatchtower/meshes/grouped_rock_3.vmdl,models/firewatch/thirdparty/nature/rocks/grouped_rock_3.vmdl,nature/rocks,model
models/firewatchtower/meshes/groupedrock_1.fbx,models/firewatch/thirdparty/nature/rocks/groupedrock_1.fbx,nature/rocks,model
models/firewatchtower/meshes/groupedrock_1.vmdl,models/firewatch/thirdparty/nature/rocks/groupedrock_1.vmdl,nature/rocks,model
models/firewatchtower/meshes/groupedrock_4.fbx,models/firewatch/thirdparty/nature/rocks/groupedrock_4.fbx,nature/rocks,model
models/firewatchtower/meshes/groupedrock_4.vmdl,models/firewatch/thirdparty/nature/rocks/groupedrock_4.vmdl,nature/rocks,model
models/firewatchtower/meshes/groupedrock_5.fbx,models/firewatch/thirdparty/nature/rocks/groupedrock_5.fbx,nature/rocks,model
models/firewatchtower/meshes/groupedrock_5.vmdl,models/firewatch/thirdparty/nature/rocks/groupedrock_5.vmdl,nature/rocks,model
models/firewatchtower/meshes/gun.fbx,models/firewatch/thirdparty/props/small/gun.fbx,props/small,model
models/firewatchtower/meshes/gun.vmdl,models/firewatch/thirdparty/props/small/gun.vmdl,props/small,model
models/firewatchtower/meshes/headlights.fbx,models/firewatch/thirdparty/vehicles/headlights.fbx,vehicles,model
models/firewatchtower/meshes/headlights.vmdl,models/firewatch/thirdparty/vehicles/headlights.vmdl,vehicles,model
models/firewatchtower/meshes/house.fbx,models/firewatch/thirdparty/structures/buildings/house.fbx,structures/buildings,model
models/firewatchtower/meshes/house.vmdl,models/firewatch/thirdparty/structures/buildings/house.vmdl,structures/buildings,model
models/firewatchtower/meshes/houseroad.fbx,models/firewatch/thirdparty/nature/terrain/houseroad.fbx,nature/terrain,model
models/firewatchtower/meshes/houseroad.vmdl,models/firewatch/thirdparty/nature/terrain/houseroad.vmdl,nature/terrain,model
models/firewatchtower/meshes/humvee_main.fbx,models/firewatch/thirdparty/vehicles/humvee_main.fbx,vehicles,model
models/firewatchtower/meshes/humvee_main.vmdl,models/firewatch/thirdparty/vehicles/humvee_main.vmdl,vehicles,model
models/firewatchtower/meshes/lantern.fbx,models/firewatch/thirdparty/props/lighting/lantern.fbx,props/lighting,model
models/firewatchtower/meshes/lantern.vmdl,models/firewatch/thirdparty/props/lighting/lantern.vmdl,props/lighting,model
models/firewatchtower/meshes/leaf1.fbx,models/firewatch/thirdparty/nature/foliage/leaf1.fbx,nature/foliage,model
models/firewatchtower/meshes/leaf1.vmdl,models/firewatch/thirdparty/nature/foliage/leaf1.vmdl,nature/foliage,model
models/firewatchtower/meshes/leaf2.fbx,models/firewatch/thirdparty/nature/foliage/leaf2.fbx,nature/foliage,model
models/firewatchtower/meshes/leaf2.vmdl,models/firewatch/thirdparty/nature/foliage/leaf2.vmdl,nature/foliage,model
models/firewatchtower/meshes/leaf3.fbx,models/firewatch/thirdparty/nature/foliage/leaf3.fbx,nature/foliage,model
models/firewatchtower/meshes/leaf3.vmdl,models/firewatch/thirdparty/nature/foliage/leaf3.vmdl,nature/foliage,model
models/firewatchtower/meshes/leaf4.fbx,models/firewatch/thirdparty/nature/foliage/leaf4.fbx,nature/foliage,model
models/firewatchtower/meshes/leaf4.vmdl,models/firewatch/thirdparty/nature/foliage/leaf4.vmdl,nature/foliage,model
models/firewatchtower/meshes/leaf5.fbx,models/firewatch/thirdparty/nature/foliage/leaf5.fbx,nature/foliage,model
models/firewatchtower/meshes/leaf5.vmdl,models/firewatch/thirdparty/nature/foliage/leaf5.vmdl,nature/foliage,model
models/firewatchtower/meshes/lightbulb.fbx,models/firewatch/thirdparty/props/lighting/lightbulb.fbx,props/lighting,model
models/firewatchtower/meshes/lightbulb.vmdl,models/firewatch/thirdparty/props/lighting/lightbulb.vmdl,props/lighting,model
models/firewatchtower/meshes/longgrass.fbx,models/firewatch/thirdparty/nature/foliage/longgrass.fbx,nature/foliage,model
models/firewatchtower/meshes/longgrass.vmdl,models/firewatch/thirdparty/nature/foliage/longgrass.vmdl,nature/foliage,model
models/firewatchtower/meshes/lrack.fbx,models/firewatch/thirdparty/construction/metal/lrack.fbx,construction/metal,model
models/firewatchtower/meshes/lrack.vmdl,models/firewatch/thirdparty/construction/metal/lrack.vmdl,construction/metal,model
models/firewatchtower/meshes/matchbox.fbx,models/firewatch/thirdparty/props/containers/matchbox.fbx,props/containers,model
models/firewatchtower/meshes/matchbox.vmdl,models/firewatch/thirdparty/props/containers/matchbox.vmdl,props/containers,model
models/firewatchtower/meshes/merged_sand_barriers02.fbx,models/firewatch/thirdparty/structures/fences/merged_sand_barriers02.fbx,structures/fences,model
models/firewatchtower/meshes/merged_sand_barriers02.vmdl,models/firewatch/thirdparty/structures/fences/merged_sand_barriers02.vmdl,structures/fences,model
models/firewatchtower/meshes/merged_sand_barriers04.fbx,models/firewatch/thirdparty/structures/fences/merged_sand_barriers04.fbx,structures/fences,model
models/firewatchtower/meshes/merged_sand_barriers04.vmdl,models/firewatch/thirdparty/structures/fences/merged_sand_barriers04.vmdl,structures/fences,model
models/firewatchtower/meshes/merged_sand_barriers05.fbx,models/firewatch/thirdparty/structures/fences/merged_sand_barriers05.fbx,structures/fences,model
models/firewatchtower/meshes/merged_sand_barriers05.vmdl,models/firewatch/thirdparty/structures/fences/merged_sand_barriers05.vmdl,structures/fences,model
models/firewatchtower/meshes/merged/mergedstructure.fbx,models/firewatch/thirdparty/infra/mergedstructure.fbx,infra,model
models/firewatchtower/meshes/merged/mergedstructure.vmdl,models/firewatch/thirdparty/infra/mergedstructure.vmdl,infra,model
models/firewatchtower/meshes/motorbike.fbx,models/firewatch/thirdparty/vehicles/motorbike.fbx,vehicles,model
models/firewatchtower/meshes/motorbike.vmdl,models/firewatch/thirdparty/vehicles/motorbike.vmdl,vehicles,model
models/firewatchtower/meshes/nail.fbx,models/firewatch/thirdparty/construction/wood/nail.fbx,construction/wood,model
models/firewatchtower/meshes/nail.vmdl,models/firewatch/thirdparty/construction/wood/nail.vmdl,construction/wood,model
models/firewatchtower/meshes/oldplank01.fbx,models/firewatch/thirdparty/construction/wood/oldplank01.fbx,construction/wood,model
models/firewatchtower/meshes/oldplank01.vmdl,models/firewatch/thirdparty/construction/wood/oldplank01.vmdl,construction/wood,model
models/firewatchtower/meshes/oldplank02.fbx,models/firewatch/thirdparty/construction/wood/oldplank02.fbx,construction/wood,model
models/firewatchtower/meshes/oldplank02.vmdl,models/firewatch/thirdparty/construction/wood/oldplank02.vmdl,construction/wood,model
models/firewatchtower/meshes/oldplank03.fbx,models/firewatch/thirdparty/construction/wood/oldplank03.fbx,construction/wood,model
models/firewatchtower/meshes/oldplank03.vmdl,models/firewatch/thirdparty/construction/wood/oldplank03.vmdl,construction/wood,model
models/firewatchtower/meshes/oldplank04.fbx,models/firewatch/thirdparty/construction/wood/oldplank04.fbx,construction/wood,model
models/firewatchtower/meshes/oldplank04.vmdl,models/firewatch/thirdparty/construction/wood/oldplank04.vmdl,construction/wood,model
models/firewatchtower/meshes/oldplank05.fbx,models/firewatch/thirdparty/construction/wood/oldplank05.fbx,construction/wood,model
models/firewatchtower/meshes/oldplank05.vmdl,models/firewatch/thirdparty/construction/wood/oldplank05.vmdl,construction/wood,model
models/firewatchtower/meshes/oldplank06.fbx,models/firewatch/thirdparty/construction/wood/oldplank06.fbx,construction/wood,model
models/firewatchtower/meshes/oldplank06.vmdl,models/firewatch/thirdparty/construction/wood/oldplank06.vmdl,construction/wood,model
models/firewatchtower/meshes/oldplank07.fbx,models/firewatch/thirdparty/construction/wood/oldplank07.fbx,construction/wood,model
models/firewatchtower/meshes/oldplank07.vmdl,models/firewatch/thirdparty/construction/wood/oldplank07.vmdl,construction/wood,model
models/firewatchtower/meshes/oldplank08.fbx,models/firewatch/thirdparty/construction/wood/oldplank08.fbx,construction/wood,model
models/firewatchtower/meshes/oldplank08.vmdl,models/firewatch/thirdparty/construction/wood/oldplank08.vmdl,construction/wood,model
models/firewatchtower/meshes/paper01.fbx,models/firewatch/thirdparty/props/debris/paper01.fbx,props/debris,model
models/firewatchtower/meshes/paper01.vmdl,models/firewatch/thirdparty/props/debris/paper01.vmdl,props/debris,model
models/firewatchtower/meshes/paper02.fbx,models/firewatch/thirdparty/props/debris/paper02.fbx,props/debris,model
models/firewatchtower/meshes/paper02.vmdl,models/firewatch/thirdparty/props/debris/paper02.vmdl,props/debris,model
models/firewatchtower/meshes/petrolrefillstore.fbx,models/firewatch/thirdparty/structures/buildings/petrolrefillstore.fbx,structures/buildings,model
models/firewatchtower/meshes/petrolrefillstore.vmdl,models/firewatch/thirdparty/structures/buildings/petrolrefillstore.vmdl,structures/buildings,model
models/firewatchtower/meshes/picture_01.fbx,models/firewatch/thirdparty/props/small/picture_01.fbx,props/small,model
models/firewatchtower/meshes/picture_01.vmdl,models/firewatch/thirdparty/props/small/picture_01.vmdl,props/small,model
models/firewatchtower/meshes/picture_02.fbx,models/firewatch/thirdparty/props/small/picture_02.fbx,props/small,model
models/firewatchtower/meshes/picture_02.vmdl,models/firewatch/thirdparty/props/small/picture_02.vmdl,props/small,model
models/firewatchtower/meshes/picture_04.fbx,models/firewatch/thirdparty/props/small/picture_04.fbx,props/small,model
models/firewatchtower/meshes/picture_04.vmdl,models/firewatch/thirdparty/props/small/picture_04.vmdl,props/small,model
models/firewatchtower/meshes/picture_06.fbx,models/firewatch/thirdparty/props/small/picture_06.fbx,props/small,model
models/firewatchtower/meshes/picture_06.vmdl,models/firewatch/thirdparty/props/small/picture_06.vmdl,props/small,model
models/firewatchtower/meshes/plank01.fbx,models/firewatch/thirdparty/construction/wood/plank01.fbx,construction/wood,model
models/firewatchtower/meshes/plank01.vmdl,models/firewatch/thirdparty/construction/wood/plank01.vmdl,construction/wood,model
models/firewatchtower/meshes/plank02.fbx,models/firewatch/thirdparty/construction/wood/plank02.fbx,construction/wood,model
models/firewatchtower/meshes/plank02.vmdl,models/firewatch/thirdparty/construction/wood/plank02.vmdl,construction/wood,model
models/firewatchtower/meshes/plank03.fbx,models/firewatch/thirdparty/construction/wood/plank03.fbx,construction/wood,model
models/firewatchtower/meshes/plank03.vmdl,models/firewatch/thirdparty/construction/wood/plank03.vmdl,construction/wood,model
models/firewatchtower/meshes/plank04.fbx,models/firewatch/thirdparty/construction/wood/plank04.fbx,construction/wood,model
models/firewatchtower/meshes/plank04.vmdl,models/firewatch/thirdparty/construction/wood/plank04.vmdl,construction/wood,model
models/firewatchtower/meshes/merged/polesmerged.fbx,models/firewatch/thirdparty/infra/polesmerged.fbx,infra,model
models/firewatchtower/meshes/merged/polesmerged.vmdl,models/firewatch/thirdparty/infra/polesmerged.vmdl,infra,model
models/firewatchtower/meshes/post01.fbx,models/firewatch/thirdparty/structures/fences/post01.fbx,structures/fences,model
models/firewatchtower/meshes/post01.vmdl,models/firewatch/thirdparty/structures/fences/post01.vmdl,structures/fences,model
models/firewatchtower/meshes/rack.fbx,models/firewatch/thirdparty/construction/metal/rack.fbx,construction/metal,model
models/firewatchtower/meshes/rack.vmdl,models/firewatch/thirdparty/construction/metal/rack.vmdl,construction/metal,model
models/firewatchtower/meshes/repairshop.fbx,models/firewatch/thirdparty/structures/buildings/repairshop.fbx,structures/buildings,model
models/firewatchtower/meshes/repairshop.vmdl,models/firewatch/thirdparty/structures/buildings/repairshop.vmdl,structures/buildings,model
models/firewatchtower/meshes/road_sign.fbx,models/firewatch/thirdparty/infra/road_sign.fbx,infra,model
models/firewatchtower/meshes/road_sign.vmdl,models/firewatch/thirdparty/infra/road_sign.vmdl,infra,model
models/firewatchtower/meshes/rocking_chair.fbx,models/firewatch/thirdparty/nature/rocks/rocking_chair.fbx,nature/rocks,model
models/firewatchtower/meshes/rocking_chair.vmdl,models/firewatch/thirdparty/nature/rocks/rocking_chair.vmdl,nature/rocks,model
models/firewatchtower/meshes/roof.fbx,models/firewatch/thirdparty/structures/buildings/roof.fbx,structures/buildings,model
models/firewatchtower/meshes/roof.vmdl,models/firewatch/thirdparty/structures/buildings/roof.vmdl,structures/buildings,model
models/firewatchtower/meshes/rope.fbx,models/firewatch/thirdparty/props/debris/rope.fbx,props/debris,model
models/firewatchtower/meshes/rope.vmdl,models/firewatch/thirdparty/props/debris/rope.vmdl,props/debris,model
models/firewatchtower/meshes/rope01.fbx,models/firewatch/thirdparty/props/debris/rope01.fbx,props/debris,model
models/firewatchtower/meshes/rope01.vmdl,models/firewatch/thirdparty/props/debris/rope01.vmdl,props/debris,model
models/firewatchtower/meshes/rope02.fbx,models/firewatch/thirdparty/props/debris/rope02.fbx,props/debris,model
models/firewatchtower/meshes/rope02.vmdl,models/firewatch/thirdparty/props/debris/rope02.vmdl,props/debris,model
models/firewatchtower/meshes/rope03.fbx,models/firewatch/thirdparty/props/debris/rope03.fbx,props/debris,model
models/firewatchtower/meshes/rope03.vmdl,models/firewatch/thirdparty/props/debris/rope03.vmdl,props/debris,model
models/firewatchtower/meshes/sack.fbx,models/firewatch/thirdparty/props/debris/sack.fbx,props/debris,model
models/firewatchtower/meshes/sack.vmdl,models/firewatch/thirdparty/props/debris/sack.vmdl,props/debris,model
models/firewatchtower/meshes/sandbag.fbx,models/firewatch/thirdparty/structures/fences/sandbag.fbx,structures/fences,model
models/firewatchtower/meshes/sandbag.vmdl,models/firewatch/thirdparty/structures/fences/sandbag.vmdl,structures/fences,model
models/firewatchtower/meshes/satellite_dish.fbx,models/firewatch/thirdparty/structures/tower/satellite_dish.fbx,structures/tower,model
models/firewatchtower/meshes/satellite_dish.vmdl,models/firewatch/thirdparty/structures/tower/satellite_dish.vmdl,structures/tower,model
models/firewatchtower/meshes/satellite_lod0.fbx,models/firewatch/thirdparty/structures/tower/satellite_lod0.fbx,structures/tower,model
models/firewatchtower/meshes/satellite_lod0.vmdl,models/firewatch/thirdparty/structures/tower/satellite_lod0.vmdl,structures/tower,model
models/firewatchtower/meshes/sedan03.fbx,models/firewatch/thirdparty/vehicles/sedan03.fbx,vehicles,model
models/firewatchtower/meshes/sedan03.vmdl,models/firewatch/thirdparty/vehicles/sedan03.vmdl,vehicles,model
models/firewatchtower/meshes/sheet01.fbx,models/firewatch/thirdparty/props/debris/sheet01.fbx,props/debris,model
models/firewatchtower/meshes/sheet01.vmdl,models/firewatch/thirdparty/props/debris/sheet01.vmdl,props/debris,model
models/firewatchtower/meshes/sheet02.fbx,models/firewatch/thirdparty/props/debris/sheet02.fbx,props/debris,model
models/firewatchtower/meshes/sheet02.vmdl,models/firewatch/thirdparty/props/debris/sheet02.vmdl,props/debris,model
models/firewatchtower/meshes/sheet03.fbx,models/firewatch/thirdparty/props/debris/sheet03.fbx,props/debris,model
models/firewatchtower/meshes/sheet03.vmdl,models/firewatch/thirdparty/props/debris/sheet03.vmdl,props/debris,model
models/firewatchtower/meshes/sheet04.fbx,models/firewatch/thirdparty/props/debris/sheet04.fbx,props/debris,model
models/firewatchtower/meshes/sheet04.vmdl,models/firewatch/thirdparty/props/debris/sheet04.vmdl,props/debris,model
models/firewatchtower/meshes/shelf_l.fbx,models/firewatch/thirdparty/props/furniture/shelf_l.fbx,props/furniture,model
models/firewatchtower/meshes/shelf_l.vmdl,models/firewatch/thirdparty/props/furniture/shelf_l.vmdl,props/furniture,model
models/firewatchtower/meshes/sidewalkplane.fbx,models/firewatch/thirdparty/nature/terrain/sidewalkplane.fbx,nature/terrain,model
models/firewatchtower/meshes/sidewalkplane.vmdl,models/firewatch/thirdparty/nature/terrain/sidewalkplane.vmdl,nature/terrain,model
models/firewatchtower/meshes/slipper_l.fbx,models/firewatch/thirdparty/props/small/slipper_l.fbx,props/small,model
models/firewatchtower/meshes/slipper_l.vmdl,models/firewatch/thirdparty/props/small/slipper_l.vmdl,props/small,model
models/firewatchtower/meshes/slipper_r.fbx,models/firewatch/thirdparty/props/small/slipper_r.fbx,props/small,model
models/firewatchtower/meshes/slipper_r.vmdl,models/firewatch/thirdparty/props/small/slipper_r.vmdl,props/small,model
models/firewatchtower/meshes/small_flower.fbx,models/firewatch/thirdparty/nature/foliage/small_flower.fbx,nature/foliage,model
models/firewatchtower/meshes/small_flower.vmdl,models/firewatch/thirdparty/nature/foliage/small_flower.vmdl,nature/foliage,model
models/firewatchtower/meshes/solar_panel.fbx,models/firewatch/thirdparty/structures/tower/solar_panel.fbx,structures/tower,model
models/firewatchtower/meshes/solar_panel.vmdl,models/firewatch/thirdparty/structures/tower/solar_panel.vmdl,structures/tower,model
models/firewatchtower/meshes/steel_profile.fbx,models/firewatch/thirdparty/construction/metal/steel_profile.fbx,construction/metal,model
models/firewatchtower/meshes/steel_profile.vmdl,models/firewatch/thirdparty/construction/metal/steel_profile.vmdl,construction/metal,model
models/firewatchtower/meshes/steel_profile_02.fbx,models/firewatch/thirdparty/construction/metal/steel_profile_02.fbx,construction/metal,model
models/firewatchtower/meshes/steel_profile_02.vmdl,models/firewatch/thirdparty/construction/metal/steel_profile_02.vmdl,construction/metal,model
models/firewatchtower/meshes/steelprofilelong.fbx,models/firewatch/thirdparty/construction/metal/steelprofilelong.fbx,construction/metal,model
models/firewatchtower/meshes/steelprofilelong.vmdl,models/firewatch/thirdparty/construction/metal/steelprofilelong.vmdl,construction/metal,model
models/firewatchtower/meshes/steelprofileshort.fbx,models/firewatch/thirdparty/construction/metal/steelprofileshort.fbx,construction/metal,model
models/firewatchtower/meshes/steelprofileshort.vmdl,models/firewatch/thirdparty/construction/metal/steelprofileshort.vmdl,construction/metal,model
models/firewatchtower/meshes/stool.fbx,models/firewatch/thirdparty/props/furniture/stool.fbx,props/furniture,model
models/firewatchtower/meshes/stool.vmdl,models/firewatch/thirdparty/props/furniture/stool.vmdl,props/furniture,model
models/firewatchtower/meshes/table.fbx,models/firewatch/thirdparty/props/furniture/table.fbx,props/furniture,model
models/firewatchtower/meshes/table.vmdl,models/firewatch/thirdparty/props/furniture/table.vmdl,props/furniture,model
models/firewatchtower/meshes/table01.fbx,models/firewatch/thirdparty/props/furniture/table01.fbx,props/furniture,model
models/firewatchtower/meshes/table01.vmdl,models/firewatch/thirdparty/props/furniture/table01.vmdl,props/furniture,model
models/firewatchtower/meshes/table02.fbx,models/firewatch/thirdparty/props/furniture/table02.fbx,props/furniture,model
models/firewatchtower/meshes/table02.vmdl,models/firewatch/thirdparty/props/furniture/table02.vmdl,props/furniture,model
models/firewatchtower/meshes/table04.fbx,models/firewatch/thirdparty/props/furniture/table04.fbx,props/furniture,model
models/firewatchtower/meshes/table04.vmdl,models/firewatch/thirdparty/props/furniture/table04.vmdl,props/furniture,model
models/firewatchtower/meshes/table05.fbx,models/firewatch/thirdparty/props/furniture/table05.fbx,props/furniture,model
models/firewatchtower/meshes/table05.vmdl,models/firewatch/thirdparty/props/furniture/table05.vmdl,props/furniture,model
models/firewatchtower/meshes/tent.fbx,models/firewatch/thirdparty/structures/buildings/tent.fbx,structures/buildings,model
models/firewatchtower/meshes/tent.vmdl,models/firewatch/thirdparty/structures/buildings/tent.vmdl,structures/buildings,model
models/firewatchtower/meshes/terrain01.fbx,models/firewatch/thirdparty/nature/terrain/terrain01.fbx,nature/terrain,model
models/firewatchtower/meshes/terrain01.vmdl,models/firewatch/thirdparty/nature/terrain/terrain01.vmdl,nature/terrain,model
models/firewatchtower/meshes/terrain03.fbx,models/firewatch/thirdparty/nature/terrain/terrain03.fbx,nature/terrain,model
models/firewatchtower/meshes/terrain03.vmdl,models/firewatch/thirdparty/nature/terrain/terrain03.vmdl,nature/terrain,model
models/firewatchtower/meshes/terrain04.fbx,models/firewatch/thirdparty/nature/terrain/terrain04.fbx,nature/terrain,model
models/firewatchtower/meshes/terrain04.vmdl,models/firewatch/thirdparty/nature/terrain/terrain04.vmdl,nature/terrain,model
models/firewatchtower/meshes/terrain05.fbx,models/firewatch/thirdparty/nature/terrain/terrain05.fbx,nature/terrain,model
models/firewatchtower/meshes/terrain05.vmdl,models/firewatch/thirdparty/nature/terrain/terrain05.vmdl,nature/terrain,model
models/firewatchtower/meshes/terrain06.fbx,models/firewatch/thirdparty/nature/terrain/terrain06.fbx,nature/terrain,model
models/firewatchtower/meshes/terrain06.vmdl,models/firewatch/thirdparty/nature/terrain/terrain06.vmdl,nature/terrain,model
models/firewatchtower/meshes/tirelarge.fbx,models/firewatch/thirdparty/vehicles/tirelarge.fbx,vehicles,model
models/firewatchtower/meshes/tirelarge.vmdl,models/firewatch/thirdparty/vehicles/tirelarge.vmdl,vehicles,model
models/firewatchtower/meshes/tiremark.fbx,models/firewatch/thirdparty/nature/terrain/tiremark.fbx,nature/terrain,model
models/firewatchtower/meshes/tiremark.vmdl,models/firewatch/thirdparty/nature/terrain/tiremark.vmdl,nature/terrain,model
models/firewatchtower/meshes/tiresmall.fbx,models/firewatch/thirdparty/vehicles/tiresmall.fbx,vehicles,model
models/firewatchtower/meshes/tiresmall.vmdl,models/firewatch/thirdparty/vehicles/tiresmall.vmdl,vehicles,model
models/firewatchtower/meshes/tower.fbx,models/firewatch/thirdparty/structures/tower/tower.fbx,structures/tower,model
models/firewatchtower/meshes/tower.vmdl,models/firewatch/thirdparty/structures/tower/tower.vmdl,structures/tower,model
models/firewatchtower/meshes/tower_antenna.fbx,models/firewatch/thirdparty/structures/tower/tower_antenna.fbx,structures/tower,model
models/firewatchtower/meshes/tower_antenna.vmdl,models/firewatch/thirdparty/structures/tower/tower_antenna.vmdl,structures/tower,model
models/firewatchtower/meshes/tower_door.fbx,models/firewatch/thirdparty/structures/tower/tower_door.fbx,structures/tower,model
models/firewatchtower/meshes/tower_door.vmdl,models/firewatch/thirdparty/structures/tower/tower_door.vmdl,structures/tower,model
models/firewatchtower/meshes/towerblind.fbx,models/firewatch/thirdparty/structures/tower/towerblind.fbx,structures/tower,model
models/firewatchtower/meshes/towerblind.vmdl,models/firewatch/thirdparty/structures/tower/towerblind.vmdl,structures/tower,model
models/firewatchtower/meshes/towerwall.fbx,models/firewatch/thirdparty/structures/tower/towerwall.fbx,structures/tower,model
models/firewatchtower/meshes/towerwall.vmdl,models/firewatch/thirdparty/structures/tower/towerwall.vmdl,structures/tower,model
models/firewatchtower/meshes/trash_container.fbx,models/firewatch/thirdparty/props/debris/trash_container.fbx,props/debris,model
models/firewatchtower/meshes/trash_container.vmdl,models/firewatch/thirdparty/props/debris/trash_container.vmdl,props/debris,model
models/firewatchtower/meshes/tray01.fbx,models/firewatch/thirdparty/props/containers/tray01.fbx,props/containers,model
models/firewatchtower/meshes/tray01.vmdl,models/firewatch/thirdparty/props/containers/tray01.vmdl,props/containers,model
models/firewatchtower/meshes/tray02.fbx,models/firewatch/thirdparty/props/containers/tray02.fbx,props/containers,model
models/firewatchtower/meshes/tray02.vmdl,models/firewatch/thirdparty/props/containers/tray02.vmdl,props/containers,model
models/firewatchtower/meshes/traycap.fbx,models/firewatch/thirdparty/props/containers/traycap.fbx,props/containers,model
models/firewatchtower/meshes/traycap.vmdl,models/firewatch/thirdparty/props/containers/traycap.vmdl,props/containers,model
models/firewatchtower/meshes/treedead.fbx,models/firewatch/thirdparty/nature/trees/treedead.fbx,nature/trees,model
models/firewatchtower/meshes/treedead.vmdl,models/firewatch/thirdparty/nature/trees/treedead.vmdl,nature/trees,model
models/firewatchtower/meshes/treefar01.fbx,models/firewatch/thirdparty/nature/trees/treefar01.fbx,nature/trees,model
models/firewatchtower/meshes/treefar01.vmdl,models/firewatch/thirdparty/nature/trees/treefar01.vmdl,nature/trees,model
models/firewatchtower/meshes/treefar02.fbx,models/firewatch/thirdparty/nature/trees/treefar02.fbx,nature/trees,model
models/firewatchtower/meshes/treefar02.vmdl,models/firewatch/thirdparty/nature/trees/treefar02.vmdl,nature/trees,model
models/firewatchtower/meshes/treelarge.fbx,models/firewatch/thirdparty/nature/trees/treelarge.fbx,nature/trees,model
models/firewatchtower/meshes/treelarge.vmdl,models/firewatch/thirdparty/nature/trees/treelarge.vmdl,nature/trees,model
models/firewatchtower/meshes/treemid.fbx,models/firewatch/thirdparty/nature/trees/treemid.fbx,nature/trees,model
models/firewatchtower/meshes/treemid.vmdl,models/firewatch/thirdparty/nature/trees/treemid.vmdl,nature/trees,model
models/firewatchtower/meshes/treesmall.fbx,models/firewatch/thirdparty/nature/trees/treesmall.fbx,nature/trees,model
models/firewatchtower/meshes/treesmall.vmdl,models/firewatch/thirdparty/nature/trees/treesmall.vmdl,nature/trees,model
models/firewatchtower/meshes/trunk.fbx,models/firewatch/thirdparty/nature/trees/trunk.fbx,nature/trees,model
models/firewatchtower/meshes/trunk.vmdl,models/firewatch/thirdparty/nature/trees/trunk.vmdl,nature/trees,model
models/firewatchtower/meshes/tweak.fbx,models/firewatch/thirdparty/nature/terrain/tweak.fbx,nature/terrain,model
models/firewatchtower/meshes/tweak.vmdl,models/firewatch/thirdparty/nature/terrain/tweak.vmdl,nature/terrain,model
models/firewatchtower/meshes/tweak1.fbx,models/firewatch/thirdparty/nature/terrain/tweak1.fbx,nature/terrain,model
models/firewatchtower/meshes/tweak1.vmdl,models/firewatch/thirdparty/nature/terrain/tweak1.vmdl,nature/terrain,model
models/firewatchtower/meshes/tweak2.fbx,models/firewatch/thirdparty/nature/terrain/tweak2.fbx,nature/terrain,model
models/firewatchtower/meshes/tweak2.vmdl,models/firewatch/thirdparty/nature/terrain/tweak2.vmdl,nature/terrain,model
models/firewatchtower/meshes/tweak3.fbx,models/firewatch/thirdparty/nature/terrain/tweak3.fbx,nature/terrain,model
models/firewatchtower/meshes/tweak3.vmdl,models/firewatch/thirdparty/nature/terrain/tweak3.vmdl,nature/terrain,model
models/firewatchtower/meshes/tweak4.fbx,models/firewatch/thirdparty/nature/terrain/tweak4.fbx,nature/terrain,model
models/firewatchtower/meshes/tweak4.vmdl,models/firewatch/thirdparty/nature/terrain/tweak4.vmdl,nature/terrain,model
models/firewatchtower/meshes/tweak5.fbx,models/firewatch/thirdparty/nature/terrain/tweak5.fbx,nature/terrain,model
models/firewatchtower/meshes/tweak5.vmdl,models/firewatch/thirdparty/nature/terrain/tweak5.vmdl,nature/terrain,model
models/firewatchtower/meshes/tweak6.fbx,models/firewatch/thirdparty/nature/terrain/tweak6.fbx,nature/terrain,model
models/firewatchtower/meshes/tweak6.vmdl,models/firewatch/thirdparty/nature/terrain/tweak6.vmdl,nature/terrain,model
models/firewatchtower/meshes/tweak7.fbx,models/firewatch/thirdparty/nature/terrain/tweak7.fbx,nature/terrain,model
models/firewatchtower/meshes/tweak7.vmdl,models/firewatch/thirdparty/nature/terrain/tweak7.vmdl,nature/terrain,model
models/firewatchtower/meshes/utensil01.fbx,models/firewatch/thirdparty/props/small/utensil01.fbx,props/small,model
models/firewatchtower/meshes/utensil01.vmdl,models/firewatch/thirdparty/props/small/utensil01.vmdl,props/small,model
models/firewatchtower/meshes/utensil02.fbx,models/firewatch/thirdparty/props/small/utensil02.fbx,props/small,model
models/firewatchtower/meshes/utensil02.vmdl,models/firewatch/thirdparty/props/small/utensil02.vmdl,props/small,model
models/firewatchtower/meshes/wall_decor.fbx,models/firewatch/thirdparty/structures/walls_windows/wall_decor.fbx,structures/walls_windows,model
models/firewatchtower/meshes/wall_decor.vmdl,models/firewatch/thirdparty/structures/walls_windows/wall_decor.vmdl,structures/walls_windows,model
models/firewatchtower/meshes/watchtower_middlemodule01.fbx,models/firewatch/thirdparty/structures/tower/watchtower_middlemodule01.fbx,structures/tower,model
models/firewatchtower/meshes/watchtower_middlemodule01.vmdl,models/firewatch/thirdparty/structures/tower/watchtower_middlemodule01.vmdl,structures/tower,model
models/firewatchtower/meshes/watchtower_middlemodule02.fbx,models/firewatch/thirdparty/structures/tower/watchtower_middlemodule02.fbx,structures/tower,model
models/firewatchtower/meshes/watchtower_middlemodule02.vmdl,models/firewatch/thirdparty/structures/tower/watchtower_middlemodule02.vmdl,structures/tower,model
models/firewatchtower/meshes/watchtower_topmodule.fbx,models/firewatch/thirdparty/structures/tower/watchtower_topmodule.fbx,structures/tower,model
models/firewatchtower/meshes/watchtower_topmodule.vmdl,models/firewatch/thirdparty/structures/tower/watchtower_topmodule.vmdl,structures/tower,model
models/firewatchtower/meshes/waterbottle.fbx,models/firewatch/thirdparty/props/small/waterbottle.fbx,props/small,model
models/firewatchtower/meshes/waterbottle.vmdl,models/firewatch/thirdparty/props/small/waterbottle.vmdl,props/small,model
models/firewatchtower/meshes/window_type01.fbx,models/firewatch/thirdparty/structures/walls_windows/window_type01.fbx,structures/walls_windows,model
models/firewatchtower/meshes/window_type01.vmdl,models/firewatch/thirdparty/structures/walls_windows/window_type01.vmdl,structures/walls_windows,model
models/firewatchtower/meshes/windowtype02.fbx,models/firewatch/thirdparty/structures/walls_windows/windowtype02.fbx,structures/walls_windows,model
models/firewatchtower/meshes/windowtype02.vmdl,models/firewatch/thirdparty/structures/walls_windows/windowtype02.vmdl,structures/walls_windows,model
models/firewatchtower/meshes/windowtype03.fbx,models/firewatch/thirdparty/structures/walls_windows/windowtype03.fbx,structures/walls_windows,model
models/firewatchtower/meshes/windowtype03.vmdl,models/firewatch/thirdparty/structures/walls_windows/windowtype03.vmdl,structures/walls_windows,model
models/firewatchtower/meshes/wood_bracing.fbx,models/firewatch/thirdparty/construction/wood/wood_bracing.fbx,construction/wood,model
models/firewatchtower/meshes/wood_bracing.vmdl,models/firewatch/thirdparty/construction/wood/wood_bracing.vmdl,construction/wood,model
models/firewatchtower/meshes/wood_bracing02.fbx,models/firewatch/thirdparty/construction/wood/wood_bracing02.fbx,construction/wood,model
models/firewatchtower/meshes/wood_bracing02.vmdl,models/firewatch/thirdparty/construction/wood/wood_bracing02.vmdl,construction/wood,model
models/firewatchtower/meshes/woodenbase.fbx,models/firewatch/thirdparty/construction/wood/woodenbase.fbx,construction/wood,model
models/firewatchtower/meshes/woodenbase.vmdl,models/firewatch/thirdparty/construction/wood/woodenbase.vmdl,construction/wood,model
models/firewatchtower/meshes/woodenpile_1.fbx,models/firewatch/thirdparty/construction/wood/woodenpile_1.fbx,construction/wood,model
models/firewatchtower/meshes/woodenpile_1.vmdl,models/firewatch/thirdparty/construction/wood/woodenpile_1.vmdl,construction/wood,model
models/firewatchtower/meshes/woodenpile_2.fbx,models/firewatch/thirdparty/construction/wood/woodenpile_2.fbx,construction/wood,model
models/firewatchtower/meshes/woodenpile_2.vmdl,models/firewatch/thirdparty/construction/wood/woodenpile_2.vmdl,construction/wood,model
models/firewatchtower/meshes/woodenpile_3.fbx,models/firewatch/thirdparty/construction/wood/woodenpile_3.fbx,construction/wood,model
models/firewatchtower/meshes/woodenpile_3.vmdl,models/firewatch/thirdparty/construction/wood/woodenpile_3.vmdl,construction/wood,model
models/firewatchtower/meshes/woodenpile_4.fbx,models/firewatch/thirdparty/construction/wood/woodenpile_4.fbx,construction/wood,model
models/firewatchtower/meshes/woodenpile_4.vmdl,models/firewatch/thirdparty/construction/wood/woodenpile_4.vmdl,construction/wood,model
models/firewatchtower/meshes/woodenpile_5.fbx,models/firewatch/thirdparty/construction/wood/woodenpile_5.fbx,construction/wood,model
models/firewatchtower/meshes/woodenpile_5.vmdl,models/firewatch/thirdparty/construction/wood/woodenpile_5.vmdl,construction/wood,model
models/firewatchtower/meshes/woodenpile_6.fbx,models/firewatch/thirdparty/construction/wood/woodenpile_6.fbx,construction/wood,model
models/firewatchtower/meshes/woodenpile_6.vmdl,models/firewatch/thirdparty/construction/wood/woodenpile_6.vmdl,construction/wood,model
models/firewatchtower/meshes/woodenpile_7.fbx,models/firewatch/thirdparty/construction/wood/woodenpile_7.fbx,construction/wood,model
models/firewatchtower/meshes/woodenpile_7.vmdl,models/firewatch/thirdparty/construction/wood/woodenpile_7.vmdl,construction/wood,model
models/firewatchtower/meshes/woodenpile_8.fbx,models/firewatch/thirdparty/construction/wood/woodenpile_8.fbx,construction/wood,model
models/firewatchtower/meshes/woodenpile_8.vmdl,models/firewatch/thirdparty/construction/wood/woodenpile_8.vmdl,construction/wood,model
models/firewatchtower/meshes/woodenpile_9.fbx,models/firewatch/thirdparty/construction/wood/woodenpile_9.fbx,construction/wood,model
models/firewatchtower/meshes/woodenpile_9.vmdl,models/firewatch/thirdparty/construction/wood/woodenpile_9.vmdl,construction/wood,model
models/firewatchtower/meshes/woodenplanks.fbx,models/firewatch/thirdparty/construction/wood/woodenplanks.fbx,construction/wood,model
models/firewatchtower/meshes/woodenplanks.vmdl,models/firewatch/thirdparty/construction/wood/woodenplanks.vmdl,construction/wood,model
models/firewatchtower/meshes/woodpile.fbx,models/firewatch/thirdparty/construction/wood/woodpile.fbx,construction/wood,model
models/firewatchtower/meshes/woodpile.vmdl,models/firewatch/thirdparty/construction/wood/woodpile.vmdl,construction/wood,model
models/firewatchtower/meshes/woodpile_01.fbx,models/firewatch/thirdparty/construction/wood/woodpile_01.fbx,construction/wood,model
models/firewatchtower/meshes/woodpile_01.vmdl,models/firewatch/thirdparty/construction/wood/woodpile_01.vmdl,construction/wood,model
models/firewatchtower/meshes/woodpile_02.fbx,models/firewatch/thirdparty/construction/wood/woodpile_02.fbx,construction/wood,model
models/firewatchtower/meshes/woodpile_02.vmdl,models/firewatch/thirdparty/construction/wood/woodpile_02.vmdl,construction/wood,model
models/firewatchtower/meshes/woodscrap1.fbx,models/firewatch/thirdparty/props/debris/woodscrap1.fbx,props/debris,model
models/firewatchtower/meshes/woodscrap1.vmdl,models/firewatch/thirdparty/props/debris/woodscrap1.vmdl,props/debris,model
models/firewatchtower/meshes/woodscrap2.fbx,models/firewatch/thirdparty/props/debris/woodscrap2.fbx,props/debris,model
models/firewatchtower/meshes/woodscrap2.vmdl,models/firewatch/thirdparty/props/debris/woodscrap2.vmdl,props/debris,model
models/firewatchtower/meshes/woodscrap3.fbx,models/firewatch/thirdparty/props/debris/woodscrap3.fbx,props/debris,model
models/firewatchtower/meshes/woodscrap3.vmdl,models/firewatch/thirdparty/props/debris/woodscrap3.vmdl,props/debris,model
models/firewatchtower/meshes/woodscrap4.fbx,models/firewatch/thirdparty/props/debris/woodscrap4.fbx,props/debris,model
models/firewatchtower/meshes/woodscrap4.vmdl,models/firewatch/thirdparty/props/debris/woodscrap4.vmdl,props/debris,model
models/firewatchtower/meshes/woodscrap5.fbx,models/firewatch/thirdparty/props/debris/woodscrap5.fbx,props/debris,model
models/firewatchtower/meshes/woodscrap5.vmdl,models/firewatch/thirdparty/props/debris/woodscrap5.vmdl,props/debris,model
models/firewatchtower/meshes/wrench.fbx,models/firewatch/thirdparty/props/small/wrench.fbx,props/small,model
models/firewatchtower/meshes/wrench.vmdl,models/firewatch/thirdparty/props/small/wrench.vmdl,props/small,model
materials/firewatchtower/m_suv_under.vmat,materials/firewatch/thirdparty/vehicles/m_suv_under.vmat,vehicles,material
materials/firewatchtower/meshes/basematerial.vmat,materials/firewatch/thirdparty/_shared/basematerial.vmat,_shared,material
materials/firewatchtower/meshes/car_glass.vmat,materials/firewatch/thirdparty/vehicles/car_glass.vmat,vehicles,material
materials/firewatchtower/meshes/glass02.vmat,materials/firewatch/thirdparty/structures/buildings/glass02.vmat,structures/buildings,material
materials/firewatchtower/meshes/glass_inst_13.vmat,materials/firewatch/thirdparty/vehicles/glass_inst_13.vmat,vehicles,material
materials/firewatchtower/meshes/glass_inst_18.vmat,materials/firewatch/thirdparty/vehicles/glass_inst_18.vmat,vehicles,material
materials/firewatchtower/meshes/glass_inst_8.vmat,materials/firewatch/thirdparty/vehicles/glass_inst_8.vmat,vehicles,material
materials/firewatchtower/meshes/glass_inst_9.vmat,materials/firewatch/thirdparty/vehicles/glass_inst_9.vmat,vehicles,material
materials/firewatchtower/meshes/lights_02_16.vmat,materials/firewatch/thirdparty/vehicles/lights_02_16.vmat,vehicles,material
materials/firewatchtower/meshes/lights_02_20.vmat,materials/firewatch/thirdparty/vehicles/lights_02_20.vmat,vehicles,material
materials/firewatchtower/meshes/sedan02_body_inst_10.vmat,materials/firewatch/thirdparty/vehicles/sedan02_body_inst_10.vmat,vehicles,material
materials/firewatchtower/meshes/sedan02_body_inst_14.vmat,materials/firewatch/thirdparty/vehicles/sedan02_body_inst_14.vmat,vehicles,material
materials/firewatchtower/meshes/sedan02_body_inst_21.vmat,materials/firewatch/thirdparty/vehicles/sedan02_body_inst_21.vmat,vehicles,material
materials/firewatchtower/meshes/sedan02_body_inst_6.vmat,materials/firewatch/thirdparty/vehicles/sedan02_body_inst_6.vmat,vehicles,material
materials/firewatchtower/meshes/sedan02_interior_inst_11.vmat,materials/firewatch/thirdparty/vehicles/sedan02_interior_inst_11.vmat,vehicles,material
materials/firewatchtower/meshes/sedan02_interior_inst_15.vmat,materials/firewatch/thirdparty/vehicles/sedan02_interior_inst_15.vmat,vehicles,material
materials/firewatchtower/meshes/sedan02_interior_inst_17.vmat,materials/firewatch/thirdparty/vehicles/sedan02_interior_inst_17.vmat,vehicles,material
materials/firewatchtower/meshes/sedan02_interior_inst_7.vmat,materials/firewatch/thirdparty/vehicles/sedan02_interior_inst_7.vmat,vehicles,material
materials/firewatchtower/meshes/wheelset_01_inst_2.vmat,materials/firewatch/thirdparty/vehicles/wheelset_01_inst_2.vmat,vehicles,material
materials/firewatchtower/meshes/woodenpiles_1.vmat,materials/firewatch/thirdparty/construction/wood/woodenpiles_1.vmat,construction/wood,material
materials/firewatchtower/meshes/woodenpiles_10.vmat,materials/firewatch/thirdparty/construction/wood/woodenpiles_10.vmat,construction/wood,material
materials/firewatchtower/meshes/woodenpiles_2.vmat,materials/firewatch/thirdparty/construction/wood/woodenpiles_2.vmat,construction/wood,material
materials/firewatchtower/meshes/woodenpiles_3.vmat,materials/firewatch/thirdparty/construction/wood/woodenpiles_3.vmat,construction/wood,material
materials/firewatchtower/meshes/woodenpiles_4.vmat,materials/firewatch/thirdparty/construction/wood/woodenpiles_4.vmat,construction/wood,material
materials/firewatchtower/meshes/woodenpiles_5.vmat,materials/firewatch/thirdparty/construction/wood/woodenpiles_5.vmat,construction/wood,material
materials/firewatchtower/meshes/woodenpiles_6.vmat,materials/firewatch/thirdparty/construction/wood/woodenpiles_6.vmat,construction/wood,material
materials/firewatchtower/meshes/woodenpiles_7.vmat,materials/firewatch/thirdparty/construction/wood/woodenpiles_7.vmat,construction/wood,material
materials/firewatchtower/meshes/woodenpiles_8.vmat,materials/firewatch/thirdparty/construction/wood/woodenpiles_8.vmat,construction/wood,material
materials/firewatchtower/meshes/woodenpiles_9.vmat,materials/firewatch/thirdparty/construction/wood/woodenpiles_9.vmat,construction/wood,material
materials/firewatchtower/meshes/worldgridmaterial.vmat,materials/firewatch/thirdparty/structures/buildings/worldgridmaterial.vmat,structures/buildings,material
materials/firewatchtower/mi_antenna.vmat,materials/firewatch/thirdparty/structures/tower/mi_antenna.vmat,structures/tower,material
materials/firewatchtower/mi_armchair.vmat,materials/firewatch/thirdparty/props/furniture/mi_armchair.vmat,props/furniture,material
materials/firewatchtower/mi_ashtray_cigarettes.vmat,materials/firewatch/thirdparty/props/containers/mi_ashtray_cigarettes.vmat,props/containers,material
materials/firewatchtower/mi_barrel.vmat,materials/firewatch/thirdparty/props/containers/mi_barrel.vmat,props/containers,material
materials/firewatchtower/mi_barrel_birght.vmat,materials/firewatch/thirdparty/props/containers/mi_barrel_birght.vmat,props/containers,material
materials/firewatchtower/mi_bed.vmat,materials/firewatch/thirdparty/props/furniture/mi_bed.vmat,props/furniture,material
materials/firewatchtower/mi_big_clifs.vmat,materials/firewatch/thirdparty/nature/rocks/mi_big_clifs.vmat,nature/rocks,material
materials/firewatchtower/mi_bottles.vmat,materials/firewatch/thirdparty/props/small/mi_bottles.vmat,props/small,material
materials/firewatchtower/mi_box.vmat,materials/firewatch/thirdparty/_shared/mi_box.vmat,_shared,material
materials/firewatchtower/mi_bush.vmat,materials/firewatch/thirdparty/nature/foliage/mi_bush.vmat,nature/foliage,material
materials/firewatchtower/mi_car_01.vmat,materials/firewatch/thirdparty/vehicles/mi_car_01.vmat,vehicles,material
materials/firewatchtower/mi_car_02.vmat,materials/firewatch/thirdparty/vehicles/mi_car_02.vmat,vehicles,material
materials/firewatchtower/mi_car_03.vmat,materials/firewatch/thirdparty/vehicles/mi_car_03.vmat,vehicles,material
materials/firewatchtower/mi_car_04.vmat,materials/firewatch/thirdparty/vehicles/mi_car_04.vmat,vehicles,material
materials/firewatchtower/mi_car_05.vmat,materials/firewatch/thirdparty/vehicles/mi_car_05.vmat,vehicles,material
materials/firewatchtower/mi_ceiling_light_on.vmat,materials/firewatch/thirdparty/props/lighting/mi_ceiling_light_on.vmat,props/lighting,material
materials/firewatchtower/mi_chair_02.vmat,materials/firewatch/thirdparty/props/furniture/mi_chair_02.vmat,props/furniture,material
materials/firewatchtower/mi_chair_table.vmat,materials/firewatch/thirdparty/props/furniture/mi_chair_table.vmat,props/furniture,material
materials/firewatchtower/mi_cliffhanger_wood.vmat,materials/firewatch/thirdparty/nature/rocks/mi_cliffhanger_wood.vmat,nature/rocks,material
materials/firewatchtower/mi_cloth.vmat,materials/firewatch/thirdparty/_shared/mi_cloth.vmat,_shared,material
materials/firewatchtower/mi_concrete.vmat,materials/firewatch/thirdparty/_shared/mi_concrete.vmat,_shared,material
materials/firewatchtower/mi_cornustreebark.vmat,materials/firewatch/thirdparty/nature/trees/mi_cornustreebark.vmat,nature/trees,material
materials/firewatchtower/mi_cornustreeleaves.vmat,materials/firewatch/thirdparty/nature/trees/mi_cornustreeleaves.vmat,nature/trees,material
materials/firewatchtower/mi_cup_colorvar.vmat,materials/firewatch/thirdparty/props/small/mi_cup_colorvar.vmat,props/small,material
materials/firewatchtower/mi_deadgrass.vmat,materials/firewatch/thirdparty/nature/foliage/mi_deadgrass.vmat,nature/foliage,material
materials/firewatchtower/mi_debris.vmat,materials/firewatch/thirdparty/_shared/mi_debris.vmat,_shared,material
materials/firewatchtower/mi_driedgroundalpha.vmat,materials/firewatch/thirdparty/nature/foliage/mi_driedgroundalpha.vmat,nature/foliage,material
materials/firewatchtower/mi_driedleaves.vmat,materials/firewatch/thirdparty/nature/foliage/mi_driedleaves.vmat,nature/foliage,material
materials/firewatchtower/mi_drygrass.vmat,materials/firewatch/thirdparty/nature/foliage/mi_drygrass.vmat,nature/foliage,material
materials/firewatchtower/mi_electric_boxes_lightbulb.vmat,materials/firewatch/thirdparty/props/lighting/mi_electric_boxes_lightbulb.vmat,props/lighting,material
materials/firewatchtower/mi_extra_wire.vmat,materials/firewatch/thirdparty/_shared/mi_extra_wire.vmat,_shared,material
materials/firewatchtower/mi_fence_metal.vmat,materials/firewatch/thirdparty/_shared/mi_fence_metal.vmat,_shared,material
materials/firewatchtower/mi_fence_net.vmat,materials/firewatch/thirdparty/_shared/mi_fence_net.vmat,_shared,material
materials/firewatchtower/mi_fern.vmat,materials/firewatch/thirdparty/nature/foliage/mi_fern.vmat,nature/foliage,material
materials/firewatchtower/mi_flower.vmat,materials/firewatch/thirdparty/nature/foliage/mi_flower.vmat,nature/foliage,material
materials/firewatchtower/mi_garagetileable.vmat,materials/firewatch/thirdparty/structures/buildings/mi_garagetileable.vmat,structures/buildings,material
materials/firewatchtower/mi_garagetrim.vmat,materials/firewatch/thirdparty/structures/buildings/mi_garagetrim.vmat,structures/buildings,material
materials/firewatchtower/mi_glass02_inst.vmat,materials/firewatch/thirdparty/_shared/mi_glass02_inst.vmat,_shared,material
materials/firewatchtower/mi_glass_inst.vmat,materials/firewatch/thirdparty/vehicles/mi_glass_inst.vmat,vehicles,material
materials/firewatchtower/mi_grass01.vmat,materials/firewatch/thirdparty/nature/foliage/mi_grass01.vmat,nature/foliage,material
materials/firewatchtower/mi_grass02.vmat,materials/firewatch/thirdparty/nature/foliage/mi_grass02.vmat,nature/foliage,material
materials/firewatchtower/mi_grating.vmat,materials/firewatch/thirdparty/props/furniture/mi_grating.vmat,props/furniture,material
materials/firewatchtower/mi_grill01_inst.vmat,materials/firewatch/thirdparty/vehicles/mi_grill01_inst.vmat,vehicles,material
materials/firewatchtower/mi_groundplant01.vmat,materials/firewatch/thirdparty/nature/foliage/mi_groundplant01.vmat,nature/foliage,material
materials/firewatchtower/mi_house_base.vmat,materials/firewatch/thirdparty/_shared/mi_house_base.vmat,_shared,material
materials/firewatchtower/mi_house_leg.vmat,materials/firewatch/thirdparty/_shared/mi_house_leg.vmat,_shared,material
materials/firewatchtower/mi_house_metal.vmat,materials/firewatch/thirdparty/_shared/mi_house_metal.vmat,_shared,material
materials/firewatchtower/mi_house_roof.vmat,materials/firewatch/thirdparty/_shared/mi_house_roof.vmat,_shared,material
materials/firewatchtower/mi_houseplanks.vmat,materials/firewatch/thirdparty/_shared/mi_houseplanks.vmat,_shared,material
materials/firewatchtower/mi_humvee_exterior_01.vmat,materials/firewatch/thirdparty/vehicles/mi_humvee_exterior_01.vmat,vehicles,material
materials/firewatchtower/mi_humvee_exterior_02.vmat,materials/firewatch/thirdparty/vehicles/mi_humvee_exterior_02.vmat,vehicles,material
materials/firewatchtower/mi_humvee_exterior_03.vmat,materials/firewatch/thirdparty/vehicles/mi_humvee_exterior_03.vmat,vehicles,material
materials/firewatchtower/mi_humvee_glass.vmat,materials/firewatch/thirdparty/vehicles/mi_humvee_glass.vmat,vehicles,material
materials/firewatchtower/mi_humvee_interior.vmat,materials/firewatch/thirdparty/vehicles/mi_humvee_interior.vmat,vehicles,material
materials/firewatchtower/mi_lights_02.vmat,materials/firewatch/thirdparty/vehicles/mi_lights_02.vmat,vehicles,material
materials/firewatchtower/mi_longgrass.vmat,materials/firewatch/thirdparty/nature/foliage/mi_longgrass.vmat,nature/foliage,material
materials/firewatchtower/mi_medium_clifs.vmat,materials/firewatch/thirdparty/nature/rocks/mi_medium_clifs.vmat,nature/rocks,material
materials/firewatchtower/mi_metal_cart.vmat,materials/firewatch/thirdparty/vehicles/mi_metal_cart.vmat,vehicles,material
materials/firewatchtower/mi_metalsheet.vmat,materials/firewatch/thirdparty/structures/buildings/mi_metalsheet.vmat,structures/buildings,material
materials/firewatchtower/mi_metalwoodcovers.vmat,materials/firewatch/thirdparty/structures/buildings/mi_metalwoodcovers.vmat,structures/buildings,material
materials/firewatchtower/mi_motorbike_01.vmat,materials/firewatch/thirdparty/vehicles/mi_motorbike_01.vmat,vehicles,material
materials/firewatchtower/mi_motorbike_03.vmat,materials/firewatch/thirdparty/vehicles/mi_motorbike_03.vmat,vehicles,material
materials/firewatchtower/mi_oldplank_metal.vmat,materials/firewatch/thirdparty/construction/wood/mi_oldplank_metal.vmat,construction/wood,material
materials/firewatchtower/mi_oldplankwood.vmat,materials/firewatch/thirdparty/_shared/mi_oldplankwood.vmat,_shared,material
materials/firewatchtower/mi_overview.vmat,materials/firewatch/thirdparty/nature/terrain/mi_overview.vmat,nature/terrain,material
materials/firewatchtower/mi_petrolrefill_pipe.vmat,materials/firewatch/thirdparty/structures/buildings/mi_petrolrefill_pipe.vmat,structures/buildings,material
materials/firewatchtower/mi_petrolrefillstore.vmat,materials/firewatch/thirdparty/structures/buildings/mi_petrolrefillstore.vmat,structures/buildings,material
materials/firewatchtower/mi_poleparts.vmat,materials/firewatch/thirdparty/infra/mi_poleparts.vmat,infra,material
materials/firewatchtower/mi_polewood.vmat,materials/firewatch/thirdparty/infra/mi_polewood.vmat,infra,material
materials/firewatchtower/mi_propset01.vmat,materials/firewatch/thirdparty/_shared/mi_propset01.vmat,_shared,material
materials/firewatchtower/mi_propset02.vmat,materials/firewatch/thirdparty/_shared/mi_propset02.vmat,_shared,material
materials/firewatchtower/mi_propset03.vmat,materials/firewatch/thirdparty/_shared/mi_propset03.vmat,_shared,material
materials/firewatchtower/mi_propset04.vmat,materials/firewatch/thirdparty/_shared/mi_propset04.vmat,_shared,material
materials/firewatchtower/mi_propset05.vmat,materials/firewatch/thirdparty/_shared/mi_propset05.vmat,_shared,material
materials/firewatchtower/mi_propset06_bucket.vmat,materials/firewatch/thirdparty/props/containers/mi_propset06_bucket.vmat,props/containers,material
materials/firewatchtower/mi_repairshop_wood.vmat,materials/firewatch/thirdparty/_shared/mi_repairshop_wood.vmat,_shared,material
materials/firewatchtower/mi_road_inst.vmat,materials/firewatch/thirdparty/_shared/mi_road_inst.vmat,_shared,material
materials/firewatchtower/mi_road_inst1.vmat,materials/firewatch/thirdparty/nature/terrain/mi_road_inst1.vmat,nature/terrain,material
materials/firewatchtower/mi_rock_1.vmat,materials/firewatch/thirdparty/nature/rocks/mi_rock_1.vmat,nature/rocks,material
materials/firewatchtower/mi_rock_2.vmat,materials/firewatch/thirdparty/nature/rocks/mi_rock_2.vmat,nature/rocks,material
materials/firewatchtower/mi_rock_3.vmat,materials/firewatch/thirdparty/nature/rocks/mi_rock_3.vmat,nature/rocks,material
materials/firewatchtower/mi_sand_barrier_a.vmat,materials/firewatch/thirdparty/structures/fences/mi_sand_barrier_a.vmat,structures/fences,material
materials/firewatchtower/mi_sand_barrier_b.vmat,materials/firewatch/thirdparty/structures/fences/mi_sand_barrier_b.vmat,structures/fences,material
materials/firewatchtower/mi_sand_barrier_dirt.vmat,materials/firewatch/thirdparty/structures/fences/mi_sand_barrier_dirt.vmat,structures/fences,material
materials/firewatchtower/mi_sand_barrier_wireframe.vmat,materials/firewatch/thirdparty/structures/fences/mi_sand_barrier_wireframe.vmat,structures/fences,material
materials/firewatchtower/mi_satellite_a.vmat,materials/firewatch/thirdparty/structures/tower/mi_satellite_a.vmat,structures/tower,material
materials/firewatchtower/mi_satellite_b.vmat,materials/firewatch/thirdparty/structures/tower/mi_satellite_b.vmat,structures/tower,material
materials/firewatchtower/mi_sedan02_body_inst.vmat,materials/firewatch/thirdparty/vehicles/mi_sedan02_body_inst.vmat,vehicles,material
materials/firewatchtower/mi_sedan02_interior_inst.vmat,materials/firewatch/thirdparty/vehicles/mi_sedan02_interior_inst.vmat,vehicles,material
materials/firewatchtower/mi_sedan02_seats_inst.vmat,materials/firewatch/thirdparty/vehicles/mi_sedan02_seats_inst.vmat,vehicles,material
materials/firewatchtower/mi_shelf_01.vmat,materials/firewatch/thirdparty/props/furniture/mi_shelf_01.vmat,props/furniture,material
materials/firewatchtower/mi_sign_rack_jerrys_cans_bottle.vmat,materials/firewatch/thirdparty/props/containers/mi_sign_rack_jerrys_cans_bottle.vmat,props/containers,material
materials/firewatchtower/mi_slippers.vmat,materials/firewatch/thirdparty/props/small/mi_slippers.vmat,props/small,material
materials/firewatchtower/mi_smallrocks01.vmat,materials/firewatch/thirdparty/nature/rocks/mi_smallrocks01.vmat,nature/rocks,material
materials/firewatchtower/mi_table01.vmat,materials/firewatch/thirdparty/_shared/mi_table01.vmat,_shared,material
materials/firewatchtower/mi_table04.vmat,materials/firewatch/thirdparty/_shared/mi_table04.vmat,_shared,material
materials/firewatchtower/mi_table05.vmat,materials/firewatch/thirdparty/_shared/mi_table05.vmat,_shared,material
materials/firewatchtower/mi_tent.vmat,materials/firewatch/thirdparty/structures/buildings/mi_tent.vmat,structures/buildings,material
materials/firewatchtower/mi_terrain01.vmat,materials/firewatch/thirdparty/nature/terrain/mi_terrain01.vmat,nature/terrain,material
materials/firewatchtower/mi_terrain03.vmat,materials/firewatch/thirdparty/nature/terrain/mi_terrain03.vmat,nature/terrain,material
materials/firewatchtower/mi_terrain04.vmat,materials/firewatch/thirdparty/nature/terrain/mi_terrain04.vmat,nature/terrain,material
materials/firewatchtower/mi_terrain05.vmat,materials/firewatch/thirdparty/nature/terrain/mi_terrain05.vmat,nature/terrain,material
materials/firewatchtower/mi_terrain06.vmat,materials/firewatch/thirdparty/nature/terrain/mi_terrain06.vmat,nature/terrain,material
materials/firewatchtower/mi_tileablenet.vmat,materials/firewatch/thirdparty/_shared/mi_tileablenet.vmat,_shared,material
materials/firewatchtower/mi_tire_cart.vmat,materials/firewatch/thirdparty/vehicles/mi_tire_cart.vmat,vehicles,material
materials/firewatchtower/mi_trapaulin.vmat,materials/firewatch/thirdparty/structures/buildings/mi_trapaulin.vmat,structures/buildings,material
materials/firewatchtower/mi_treemidbark.vmat,materials/firewatch/thirdparty/nature/trees/mi_treemidbark.vmat,nature/trees,material
materials/firewatchtower/mi_treemidleaves.vmat,materials/firewatch/thirdparty/nature/trees/mi_treemidleaves.vmat,nature/trees,material
materials/firewatchtower/mi_trimbrownwood.vmat,materials/firewatch/thirdparty/structures/buildings/mi_trimbrownwood.vmat,structures/buildings,material
materials/firewatchtower/mi_trimmetalsheet.vmat,materials/firewatch/thirdparty/_shared/mi_trimmetalsheet.vmat,_shared,material
materials/firewatchtower/mi_trimwhitewood.vmat,materials/firewatch/thirdparty/structures/buildings/mi_trimwhitewood.vmat,structures/buildings,material
materials/firewatchtower/mi_truck_deformed_wheels.vmat,materials/firewatch/thirdparty/vehicles/mi_truck_deformed_wheels.vmat,vehicles,material
materials/firewatchtower/mi_wheelset_01_inst.vmat,materials/firewatch/thirdparty/vehicles/mi_wheelset_01_inst.vmat,vehicles,material
materials/firewatchtower/mi_wheelset_02_inst.vmat,materials/firewatch/thirdparty/vehicles/mi_wheelset_02_inst.vmat,vehicles,material
materials/firewatchtower/mi_wire_02.vmat,materials/firewatch/thirdparty/infra/mi_wire_02.vmat,infra,material
materials/firewatchtower/mi_woodenpiles.vmat,materials/firewatch/thirdparty/_shared/mi_woodenpiles.vmat,_shared,material
materials/firewatchtower/mi_woodenpiles1.vmat,materials/firewatch/thirdparty/infra/mi_woodenpiles1.vmat,infra,material
materials/firewatchtower/mi_woodenplanks_.vmat,materials/firewatch/thirdparty/construction/wood/mi_woodenplanks_.vmat,construction/wood,material
materials/firewatchtower/motorbike_02.vmat,materials/firewatch/thirdparty/vehicles/motorbike_02.vmat,vehicles,material
materials/firewatchtower/pictures.vmat,materials/firewatch/thirdparty/props/small/pictures.vmat,props/small,material
materials/firewatchtower/road_sign.vmat,materials/firewatch/thirdparty/infra/road_sign.vmat,infra,material
materials/firewatchtower/rocking_chair.vmat,materials/firewatch/thirdparty/nature/rocks/rocking_chair.vmat,nature/rocks,material
materials/firewatchtower/satellite.vmat,materials/firewatch/thirdparty/structures/tower/satellite.vmat,structures/tower,material
materials/firewatchtower/solar_panel.vmat,materials/firewatch/thirdparty/structures/tower/solar_panel.vmat,structures/tower,material
materials/firewatchtower/stool.vmat,materials/firewatch/thirdparty/props/furniture/stool.vmat,props/furniture,material
materials/firewatchtower/table.vmat,materials/firewatch/thirdparty/props/furniture/table.vmat,props/furniture,material
materials/firewatchtower/tower.vmat,materials/firewatch/thirdparty/structures/tower/tower.vmat,structures/tower,material
materials/firewatchtower/trash_container.vmat,materials/firewatch/thirdparty/props/debris/trash_container.vmat,props/debris,material
materials/firewatchtower/wall_decor.vmat,materials/firewatch/thirdparty/structures/walls_windows/wall_decor.vmat,structures/walls_windows,material
materials/firewatchtower/watchtower_trim01.vmat,materials/firewatch/thirdparty/structures/tower/watchtower_trim01.vmat,structures/tower,material
materials/firewatchtower/watchtower_trim02.vmat,materials/firewatch/thirdparty/structures/tower/watchtower_trim02.vmat,structures/tower,material
materials/firewatchtower/a_metalwoodcovers_ao.tga,materials/firewatch/thirdparty/structures/buildings/a_metalwoodcovers_ao.tga,structures/buildings,texture
materials/firewatchtower/a_metalwoodcovers_color.tga,materials/firewatch/thirdparty/structures/buildings/a_metalwoodcovers_color.tga,structures/buildings,texture
materials/firewatchtower/a_metalwoodcovers_metal.tga,materials/firewatch/thirdparty/structures/buildings/a_metalwoodcovers_metal.tga,structures/buildings,texture
materials/firewatchtower/a_metalwoodcovers_normal.tga,materials/firewatch/thirdparty/structures/buildings/a_metalwoodcovers_normal.tga,structures/buildings,texture
materials/firewatchtower/a_metalwoodcovers_rough.tga,materials/firewatch/thirdparty/structures/buildings/a_metalwoodcovers_rough.tga,structures/buildings,texture
materials/firewatchtower/antenna_ao.tga,materials/firewatch/thirdparty/structures/tower/antenna_ao.tga,structures/tower,texture
materials/firewatchtower/antenna_color.tga,materials/firewatch/thirdparty/structures/tower/antenna_color.tga,structures/tower,texture
materials/firewatchtower/antenna_metal.tga,materials/firewatch/thirdparty/structures/tower/antenna_metal.tga,structures/tower,texture
materials/firewatchtower/antenna_normal.tga,materials/firewatch/thirdparty/structures/tower/antenna_normal.tga,structures/tower,texture
materials/firewatchtower/antenna_rough.tga,materials/firewatch/thirdparty/structures/tower/antenna_rough.tga,structures/tower,texture
materials/firewatchtower/armchair_ao.tga,materials/firewatch/thirdparty/props/furniture/armchair_ao.tga,props/furniture,texture
materials/firewatchtower/armchair_color.tga,materials/firewatch/thirdparty/props/furniture/armchair_color.tga,props/furniture,texture
materials/firewatchtower/armchair_normal.tga,materials/firewatch/thirdparty/props/furniture/armchair_normal.tga,props/furniture,texture
materials/firewatchtower/armchair_rough.tga,materials/firewatch/thirdparty/props/furniture/armchair_rough.tga,props/furniture,texture
materials/firewatchtower/ashtray_cigarettes_ao.tga,materials/firewatch/thirdparty/props/containers/ashtray_cigarettes_ao.tga,props/containers,texture
materials/firewatchtower/ashtray_cigarettes_color.tga,materials/firewatch/thirdparty/props/containers/ashtray_cigarettes_color.tga,props/containers,texture
materials/firewatchtower/ashtray_cigarettes_normal.tga,materials/firewatch/thirdparty/props/containers/ashtray_cigarettes_normal.tga,props/containers,texture
materials/firewatchtower/ashtray_cigarettes_rough.tga,materials/firewatch/thirdparty/props/containers/ashtray_cigarettes_rough.tga,props/containers,texture
materials/firewatchtower/base_color.tga,materials/firewatch/thirdparty/nature/terrain/base_color.tga,nature/terrain,texture
materials/firewatchtower/base_normal.tga,materials/firewatch/thirdparty/nature/terrain/base_normal.tga,nature/terrain,texture
materials/firewatchtower/bed_ao.tga,materials/firewatch/thirdparty/props/furniture/bed_ao.tga,props/furniture,texture
materials/firewatchtower/bed_color.tga,materials/firewatch/thirdparty/props/furniture/bed_color.tga,props/furniture,texture
materials/firewatchtower/bed_metal.tga,materials/firewatch/thirdparty/props/furniture/bed_metal.tga,props/furniture,texture
materials/firewatchtower/bed_normal.tga,materials/firewatch/thirdparty/props/furniture/bed_normal.tga,props/furniture,texture
materials/firewatchtower/bed_rough.tga,materials/firewatch/thirdparty/props/furniture/bed_rough.tga,props/furniture,texture
materials/firewatchtower/big_cliffs_color.tga,materials/firewatch/thirdparty/_library/big_cliffs_color.tga,_library,texture
materials/firewatchtower/big_cliffs_normal.tga,materials/firewatch/thirdparty/_library/big_cliffs_normal.tga,_library,texture
materials/firewatchtower/bottles_ao.tga,materials/firewatch/thirdparty/props/small/bottles_ao.tga,props/small,texture
materials/firewatchtower/bottles_color.tga,materials/firewatch/thirdparty/props/small/bottles_color.tga,props/small,texture
materials/firewatchtower/bottles_metal.tga,materials/firewatch/thirdparty/props/small/bottles_metal.tga,props/small,texture
materials/firewatchtower/bottles_normal.tga,materials/firewatch/thirdparty/props/small/bottles_normal.tga,props/small,texture
materials/firewatchtower/bottles_rough.tga,materials/firewatch/thirdparty/props/small/bottles_rough.tga,props/small,texture
materials/firewatchtower/bush_color.tga,materials/firewatch/thirdparty/nature/foliage/bush_color.tga,nature/foliage,texture
materials/firewatchtower/bush_normal.tga,materials/firewatch/thirdparty/nature/foliage/bush_normal.tga,nature/foliage,texture
materials/firewatchtower/bush_trans.tga,materials/firewatch/thirdparty/nature/foliage/bush_trans.tga,nature/foliage,texture
materials/firewatchtower/car_01_ao.tga,materials/firewatch/thirdparty/_library/car_01_ao.tga,_library,texture
materials/firewatchtower/car_01_color.tga,materials/firewatch/thirdparty/_library/car_01_color.tga,_library,texture
materials/firewatchtower/car_01_metal.tga,materials/firewatch/thirdparty/_library/car_01_metal.tga,_library,texture
materials/firewatchtower/car_01_normal.tga,materials/firewatch/thirdparty/_library/car_01_normal.tga,_library,texture
materials/firewatchtower/car_01_rough.tga,materials/firewatch/thirdparty/_library/car_01_rough.tga,_library,texture
materials/firewatchtower/car_02_ao.tga,materials/firewatch/thirdparty/vehicles/car_02_ao.tga,vehicles,texture
materials/firewatchtower/car_02_color.tga,materials/firewatch/thirdparty/vehicles/car_02_color.tga,vehicles,texture
materials/firewatchtower/car_02_metal.tga,materials/firewatch/thirdparty/vehicles/car_02_metal.tga,vehicles,texture
materials/firewatchtower/car_02_normal.tga,materials/firewatch/thirdparty/vehicles/car_02_normal.tga,vehicles,texture
materials/firewatchtower/car_02_rough.tga,materials/firewatch/thirdparty/vehicles/car_02_rough.tga,vehicles,texture
materials/firewatchtower/car_03_ao.tga,materials/firewatch/thirdparty/vehicles/car_03_ao.tga,vehicles,texture
materials/firewatchtower/car_03_color.tga,materials/firewatch/thirdparty/vehicles/car_03_color.tga,vehicles,texture
materials/firewatchtower/car_03_metal.tga,materials/firewatch/thirdparty/vehicles/car_03_metal.tga,vehicles,texture
materials/firewatchtower/car_03_normal.tga,materials/firewatch/thirdparty/vehicles/car_03_normal.tga,vehicles,texture
materials/firewatchtower/car_03_rough.tga,materials/firewatch/thirdparty/vehicles/car_03_rough.tga,vehicles,texture
materials/firewatchtower/car_04_ao.tga,materials/firewatch/thirdparty/vehicles/car_04_ao.tga,vehicles,texture
materials/firewatchtower/car_04_color.tga,materials/firewatch/thirdparty/vehicles/car_04_color.tga,vehicles,texture
materials/firewatchtower/car_04_metal.tga,materials/firewatch/thirdparty/vehicles/car_04_metal.tga,vehicles,texture
materials/firewatchtower/car_04_normal.tga,materials/firewatch/thirdparty/vehicles/car_04_normal.tga,vehicles,texture
materials/firewatchtower/car_04_rough.tga,materials/firewatch/thirdparty/vehicles/car_04_rough.tga,vehicles,texture
materials/firewatchtower/car_04_trans.tga,materials/firewatch/thirdparty/vehicles/car_04_trans.tga,vehicles,texture
materials/firewatchtower/car_05_ao.tga,materials/firewatch/thirdparty/vehicles/car_05_ao.tga,vehicles,texture
materials/firewatchtower/car_05_color.tga,materials/firewatch/thirdparty/vehicles/car_05_color.tga,vehicles,texture
materials/firewatchtower/car_05_metal.tga,materials/firewatch/thirdparty/vehicles/car_05_metal.tga,vehicles,texture
materials/firewatchtower/car_05_normal.tga,materials/firewatch/thirdparty/vehicles/car_05_normal.tga,vehicles,texture
materials/firewatchtower/car_05_rough.tga,materials/firewatch/thirdparty/vehicles/car_05_rough.tga,vehicles,texture
materials/firewatchtower/car_exterior_part_ao.tga,materials/firewatch/thirdparty/_library/car_exterior_part_ao.tga,_library,texture
materials/firewatchtower/car_exterior_part_color.tga,materials/firewatch/thirdparty/_library/car_exterior_part_color.tga,_library,texture
materials/firewatchtower/car_exterior_part_metal.tga,materials/firewatch/thirdparty/_library/car_exterior_part_metal.tga,_library,texture
materials/firewatchtower/car_exterior_part_normal.tga,materials/firewatch/thirdparty/_library/car_exterior_part_normal.tga,_library,texture
materials/firewatchtower/car_exterior_part_rough.tga,materials/firewatch/thirdparty/_library/car_exterior_part_rough.tga,_library,texture
materials/firewatchtower/ceiling_light_ao.tga,materials/firewatch/thirdparty/props/lighting/ceiling_light_ao.tga,props/lighting,texture
materials/firewatchtower/ceiling_light_color.tga,materials/firewatch/thirdparty/props/lighting/ceiling_light_color.tga,props/lighting,texture
materials/firewatchtower/ceiling_light_metal.tga,materials/firewatch/thirdparty/props/lighting/ceiling_light_metal.tga,props/lighting,texture
materials/firewatchtower/ceiling_light_normal.tga,materials/firewatch/thirdparty/props/lighting/ceiling_light_normal.tga,props/lighting,texture
materials/firewatchtower/ceiling_light_rough.tga,materials/firewatch/thirdparty/props/lighting/ceiling_light_rough.tga,props/lighting,texture
materials/firewatchtower/chair_02_ao.tga,materials/firewatch/thirdparty/props/furniture/chair_02_ao.tga,props/furniture,texture
materials/firewatchtower/chair_02_color.tga,materials/firewatch/thirdparty/props/furniture/chair_02_color.tga,props/furniture,texture
materials/firewatchtower/chair_02_normal.tga,materials/firewatch/thirdparty/props/furniture/chair_02_normal.tga,props/furniture,texture
materials/firewatchtower/chair_02_rough.tga,materials/firewatch/thirdparty/props/furniture/chair_02_rough.tga,props/furniture,texture
materials/firewatchtower/chair_table_ao.tga,materials/firewatch/thirdparty/props/furniture/chair_table_ao.tga,props/furniture,texture
materials/firewatchtower/chair_table_color.tga,materials/firewatch/thirdparty/props/furniture/chair_table_color.tga,props/furniture,texture
materials/firewatchtower/chair_table_normal.tga,materials/firewatch/thirdparty/props/furniture/chair_table_normal.tga,props/furniture,texture
materials/firewatchtower/chair_table_rough.tga,materials/firewatch/thirdparty/props/furniture/chair_table_rough.tga,props/furniture,texture
materials/firewatchtower/cloth_ao.tga,materials/firewatch/thirdparty/_shared/cloth_ao.tga,_shared,texture
materials/firewatchtower/cloth_color.tga,materials/firewatch/thirdparty/_shared/cloth_color.tga,_shared,texture
materials/firewatchtower/cloth_normal.tga,materials/firewatch/thirdparty/_shared/cloth_normal.tga,_shared,texture
materials/firewatchtower/cloth_rough.tga,materials/firewatch/thirdparty/_shared/cloth_rough.tga,_shared,texture
materials/firewatchtower/cloth_trans.tga,materials/firewatch/thirdparty/_shared/cloth_trans.tga,_shared,texture
materials/firewatchtower/clouds_color.tga,materials/firewatch/thirdparty/_library/clouds_color.tga,_library,texture
materials/firewatchtower/color_var_ao.tga,materials/firewatch/thirdparty/_library/color_var_ao.tga,_library,texture
materials/firewatchtower/color_var_metal.tga,materials/firewatch/thirdparty/_library/color_var_metal.tga,_library,texture
materials/firewatchtower/color_var_rough.tga,materials/firewatch/thirdparty/_library/color_var_rough.tga,_library,texture
materials/firewatchtower/concrete_color.tga,materials/firewatch/thirdparty/_library/concrete_color.tga,_library,texture
materials/firewatchtower/concrete_normal.tga,materials/firewatch/thirdparty/_shared/concrete_normal.tga,_shared,texture
materials/firewatchtower/concrete_rough.tga,materials/firewatch/thirdparty/_shared/concrete_rough.tga,_shared,texture
materials/firewatchtower/damaged_wood_color.tga,materials/firewatch/thirdparty/_shared/damaged_wood_color.tga,_shared,texture
materials/firewatchtower/damaged_wood_normal.tga,materials/firewatch/thirdparty/_library/damaged_wood_normal.tga,_library,texture
materials/firewatchtower/damaged_wood_rough.tga,materials/firewatch/thirdparty/_library/damaged_wood_rough.tga,_library,texture
materials/firewatchtower/debris_01_color.tga,materials/firewatch/thirdparty/_library/debris_01_color.tga,_library,texture
materials/firewatchtower/debris_01_trans.tga,materials/firewatch/thirdparty/_library/debris_01_trans.tga,_library,texture
materials/firewatchtower/debris_ao.tga,materials/firewatch/thirdparty/_shared/debris_ao.tga,_shared,texture
materials/firewatchtower/debris_color.tga,materials/firewatch/thirdparty/_library/debris_color.tga,_library,texture
materials/firewatchtower/debris_normal.tga,materials/firewatch/thirdparty/_shared/debris_normal.tga,_shared,texture
materials/firewatchtower/debris_rough.tga,materials/firewatch/thirdparty/_shared/debris_rough.tga,_shared,texture
materials/firewatchtower/debris_trans.tga,materials/firewatch/thirdparty/_library/debris_trans.tga,_library,texture
materials/firewatchtower/diffuse01_color.tga,materials/firewatch/thirdparty/nature/terrain/diffuse01_color.tga,nature/terrain,texture
materials/firewatchtower/diffuse03_color.tga,materials/firewatch/thirdparty/nature/terrain/diffuse03_color.tga,nature/terrain,texture
materials/firewatchtower/diffuse04_color.tga,materials/firewatch/thirdparty/nature/terrain/diffuse04_color.tga,nature/terrain,texture
materials/firewatchtower/diffuse05_color.tga,materials/firewatch/thirdparty/nature/terrain/diffuse05_color.tga,nature/terrain,texture
materials/firewatchtower/diffuse06_color.tga,materials/firewatch/thirdparty/nature/terrain/diffuse06_color.tga,nature/terrain,texture
materials/firewatchtower/dirt_ao.tga,materials/firewatch/thirdparty/_library/dirt_ao.tga,_library,texture
materials/firewatchtower/dirt_metal.tga,materials/firewatch/thirdparty/_library/dirt_metal.tga,_library,texture
materials/firewatchtower/dirt_rough.tga,materials/firewatch/thirdparty/_library/dirt_rough.tga,_library,texture
materials/firewatchtower/dirtmap_color.tga,materials/firewatch/thirdparty/_library/dirtmap_color.tga,_library,texture
materials/firewatchtower/dogwood_color.tga,materials/firewatch/thirdparty/nature/trees/dogwood_color.tga,nature/trees,texture
materials/firewatchtower/dogwood_normal.tga,materials/firewatch/thirdparty/nature/trees/dogwood_normal.tga,nature/trees,texture
materials/firewatchtower/driedgroundplant_color.tga,materials/firewatch/thirdparty/nature/foliage/driedgroundplant_color.tga,nature/foliage,texture
materials/firewatchtower/driedgroundplant_normal.tga,materials/firewatch/thirdparty/nature/foliage/driedgroundplant_normal.tga,nature/foliage,texture
materials/firewatchtower/driedgroundplant_trans.tga,materials/firewatch/thirdparty/nature/foliage/driedgroundplant_trans.tga,nature/foliage,texture
materials/firewatchtower/drip01_color.tga,materials/firewatch/thirdparty/_library/drip01_color.tga,_library,texture
materials/firewatchtower/dust_color.tga,materials/firewatch/thirdparty/_shared/dust_color.tga,_shared,texture
materials/firewatchtower/dust_normal.tga,materials/firewatch/thirdparty/_library/dust_normal.tga,_library,texture
materials/firewatchtower/electric_boxes_lightbulb_ao.tga,materials/firewatch/thirdparty/props/lighting/electric_boxes_lightbulb_ao.tga,props/lighting,texture
materials/firewatchtower/electric_boxes_lightbulb_color.tga,materials/firewatch/thirdparty/props/lighting/electric_boxes_lightbulb_color.tga,props/lighting,texture
materials/firewatchtower/electric_boxes_lightbulb_metal.tga,materials/firewatch/thirdparty/props/lighting/electric_boxes_lightbulb_metal.tga,props/lighting,texture
materials/firewatchtower/electric_boxes_lightbulb_normal.tga,materials/firewatch/thirdparty/props/lighting/electric_boxes_lightbulb_normal.tga,props/lighting,texture
materials/firewatchtower/electric_boxes_lightbulb_rough.tga,materials/firewatch/thirdparty/props/lighting/electric_boxes_lightbulb_rough.tga,props/lighting,texture
materials/firewatchtower/extraalpha_color.tga,materials/firewatch/thirdparty/_library/extraalpha_color.tga,_library,texture
materials/firewatchtower/extraalpha_normal.tga,materials/firewatch/thirdparty/_shared/extraalpha_normal.tga,_shared,texture
materials/firewatchtower/fill_01_color.tga,materials/firewatch/thirdparty/_library/fill_01_color.tga,_library,texture
materials/firewatchtower/fire_tiled_color.tga,materials/firewatch/thirdparty/_library/fire_tiled_color.tga,_library,texture
materials/firewatchtower/garagetrim_ao.tga,materials/firewatch/thirdparty/structures/buildings/garagetrim_ao.tga,structures/buildings,texture
materials/firewatchtower/garagetrim_color.tga,materials/firewatch/thirdparty/_library/garagetrim_color.tga,_library,texture
materials/firewatchtower/garagetrim_metal.tga,materials/firewatch/thirdparty/structures/buildings/garagetrim_metal.tga,structures/buildings,texture
materials/firewatchtower/garagetrim_normal.tga,materials/firewatch/thirdparty/structures/buildings/garagetrim_normal.tga,structures/buildings,texture
materials/firewatchtower/garagetrim_rough.tga,materials/firewatch/thirdparty/structures/buildings/garagetrim_rough.tga,structures/buildings,texture
materials/firewatchtower/garagetrim_trans.tga,materials/firewatch/thirdparty/_library/garagetrim_trans.tga,_library,texture
materials/firewatchtower/general_ao.tga,materials/firewatch/thirdparty/_library/general_ao.tga,_library,texture
materials/firewatchtower/general_metal.tga,materials/firewatch/thirdparty/_library/general_metal.tga,_library,texture
materials/firewatchtower/general_rgb_ao.tga,materials/firewatch/thirdparty/_library/general_rgb_ao.tga,_library,texture
materials/firewatchtower/general_rgb_metal.tga,materials/firewatch/thirdparty/_library/general_rgb_metal.tga,_library,texture
materials/firewatchtower/general_rgb_rough.tga,materials/firewatch/thirdparty/_library/general_rgb_rough.tga,_library,texture
materials/firewatchtower/general_rough.tga,materials/firewatch/thirdparty/_library/general_rough.tga,_library,texture
materials/firewatchtower/grass02_color.tga,materials/firewatch/thirdparty/nature/foliage/grass02_color.tga,nature/foliage,texture
materials/firewatchtower/grass02_normal.tga,materials/firewatch/thirdparty/nature/foliage/grass02_normal.tga,nature/foliage,texture
materials/firewatchtower/grass02_trans.tga,materials/firewatch/thirdparty/nature/foliage/grass02_trans.tga,nature/foliage,texture
materials/firewatchtower/grass_detail_ao.tga,materials/firewatch/thirdparty/_library/grass_detail_ao.tga,_library,texture
materials/firewatchtower/grass_detail_color.tga,materials/firewatch/thirdparty/_library/grass_detail_color.tga,_library,texture
materials/firewatchtower/grass_detail_metal.tga,materials/firewatch/thirdparty/_library/grass_detail_metal.tga,_library,texture
materials/firewatchtower/grass_detail_normal.tga,materials/firewatch/thirdparty/_library/grass_detail_normal.tga,_library,texture
materials/firewatchtower/grass_detail_rough.tga,materials/firewatch/thirdparty/_library/grass_detail_rough.tga,_library,texture
materials/firewatchtower/grass_flower_color.tga,materials/firewatch/thirdparty/nature/foliage/grass_flower_color.tga,nature/foliage,texture
materials/firewatchtower/grass_flower_normal.tga,materials/firewatch/thirdparty/nature/foliage/grass_flower_normal.tga,nature/foliage,texture
materials/firewatchtower/grass_flower_trans.tga,materials/firewatch/thirdparty/nature/foliage/grass_flower_trans.tga,nature/foliage,texture
materials/firewatchtower/grating_ao.tga,materials/firewatch/thirdparty/_library/grating_ao.tga,_library,texture
materials/firewatchtower/grating_color.tga,materials/firewatch/thirdparty/_library/grating_color.tga,_library,texture
materials/firewatchtower/grating_metal.tga,materials/firewatch/thirdparty/_library/grating_metal.tga,_library,texture
materials/firewatchtower/grating_normal.tga,materials/firewatch/thirdparty/_library/grating_normal.tga,_library,texture
materials/firewatchtower/grating_rough.tga,materials/firewatch/thirdparty/_library/grating_rough.tga,_library,texture
materials/firewatchtower/grating_trans.tga,materials/firewatch/thirdparty/_library/grating_trans.tga,_library,texture
materials/firewatchtower/grill01_color.tga,materials/firewatch/thirdparty/_library/grill01_color.tga,_library,texture
materials/firewatchtower/grill01_normal.tga,materials/firewatch/thirdparty/_library/grill01_normal.tga,_library,texture
materials/firewatchtower/grill01_trans.tga,materials/firewatch/thirdparty/_library/grill01_trans.tga,_library,texture
materials/firewatchtower/groundmoss_ao.tga,materials/firewatch/thirdparty/_library/groundmoss_ao.tga,_library,texture
materials/firewatchtower/groundmoss_color.tga,materials/firewatch/thirdparty/_library/groundmoss_color.tga,_library,texture
materials/firewatchtower/groundmoss_metal.tga,materials/firewatch/thirdparty/_library/groundmoss_metal.tga,_library,texture
materials/firewatchtower/groundmoss_rough.tga,materials/firewatch/thirdparty/_library/groundmoss_rough.tga,_library,texture
materials/firewatchtower/groundsoil_ao.tga,materials/firewatch/thirdparty/_library/groundsoil_ao.tga,_library,texture
materials/firewatchtower/groundsoil_color.tga,materials/firewatch/thirdparty/_library/groundsoil_color.tga,_library,texture
materials/firewatchtower/groundsoil_height.tga,materials/firewatch/thirdparty/_library/groundsoil_height.tga,_library,texture
materials/firewatchtower/groundsoil_normal.tga,materials/firewatch/thirdparty/_library/groundsoil_normal.tga,_library,texture
materials/firewatchtower/groundsoil_rough.tga,materials/firewatch/thirdparty/_library/groundsoil_rough.tga,_library,texture
materials/firewatchtower/grunge02_ao.tga,materials/firewatch/thirdparty/_library/grunge02_ao.tga,_library,texture
materials/firewatchtower/grunge02_metal.tga,materials/firewatch/thirdparty/_library/grunge02_metal.tga,_library,texture
materials/firewatchtower/grunge02_rough.tga,materials/firewatch/thirdparty/_library/grunge02_rough.tga,_library,texture
materials/firewatchtower/grunge03_ao.tga,materials/firewatch/thirdparty/_library/grunge03_ao.tga,_library,texture
materials/firewatchtower/grunge03_metal.tga,materials/firewatch/thirdparty/_library/grunge03_metal.tga,_library,texture
materials/firewatchtower/grunge03_rough.tga,materials/firewatch/thirdparty/_library/grunge03_rough.tga,_library,texture
materials/firewatchtower/grunge04_ao.tga,materials/firewatch/thirdparty/_library/grunge04_ao.tga,_library,texture
materials/firewatchtower/grunge04_metal.tga,materials/firewatch/thirdparty/_library/grunge04_metal.tga,_library,texture
materials/firewatchtower/grunge04_rough.tga,materials/firewatch/thirdparty/_library/grunge04_rough.tga,_library,texture
materials/firewatchtower/grunge_ao.tga,materials/firewatch/thirdparty/_library/grunge_ao.tga,_library,texture
materials/firewatchtower/grunge_metal.tga,materials/firewatch/thirdparty/_library/grunge_metal.tga,_library,texture
materials/firewatchtower/grunge_rough.tga,materials/firewatch/thirdparty/_library/grunge_rough.tga,_library,texture
materials/firewatchtower/humvee_exterior_01_ao.tga,materials/firewatch/thirdparty/_library/humvee_exterior_01_ao.tga,_library,texture
materials/firewatchtower/humvee_exterior_01_color.tga,materials/firewatch/thirdparty/vehicles/humvee_exterior_01_color.tga,vehicles,texture
materials/firewatchtower/humvee_exterior_01_metal.tga,materials/firewatch/thirdparty/_library/humvee_exterior_01_metal.tga,_library,texture
materials/firewatchtower/humvee_exterior_01_normal.tga,materials/firewatch/thirdparty/vehicles/humvee_exterior_01_normal.tga,vehicles,texture
materials/firewatchtower/humvee_exterior_01_rough.tga,materials/firewatch/thirdparty/_library/humvee_exterior_01_rough.tga,_library,texture
materials/firewatchtower/humvee_exterior_02_ao.tga,materials/firewatch/thirdparty/_library/humvee_exterior_02_ao.tga,_library,texture
materials/firewatchtower/humvee_exterior_02_color.tga,materials/firewatch/thirdparty/vehicles/humvee_exterior_02_color.tga,vehicles,texture
materials/firewatchtower/humvee_exterior_02_metal.tga,materials/firewatch/thirdparty/_library/humvee_exterior_02_metal.tga,_library,texture
materials/firewatchtower/humvee_exterior_02_normal.tga,materials/firewatch/thirdparty/vehicles/humvee_exterior_02_normal.tga,vehicles,texture
materials/firewatchtower/humvee_exterior_02_rough.tga,materials/firewatch/thirdparty/_library/humvee_exterior_02_rough.tga,_library,texture
materials/firewatchtower/humvee_exterior_03_color.tga,materials/firewatch/thirdparty/vehicles/humvee_exterior_03_color.tga,vehicles,texture
materials/firewatchtower/humvee_exterior_03_metal.tga,materials/firewatch/thirdparty/_library/humvee_exterior_03_metal.tga,_library,texture
materials/firewatchtower/humvee_exterior_03_normal.tga,materials/firewatch/thirdparty/vehicles/humvee_exterior_03_normal.tga,vehicles,texture
materials/firewatchtower/humvee_exterior_03_rough.tga,materials/firewatch/thirdparty/_library/humvee_exterior_03_rough.tga,_library,texture
materials/firewatchtower/humvee_glass_ao.tga,materials/firewatch/thirdparty/vehicles/humvee_glass_ao.tga,vehicles,texture
materials/firewatchtower/humvee_glass_metal.tga,materials/firewatch/thirdparty/vehicles/humvee_glass_metal.tga,vehicles,texture
materials/firewatchtower/humvee_glass_normal.tga,materials/firewatch/thirdparty/_library/humvee_glass_normal.tga,_library,texture
materials/firewatchtower/humvee_glass_rough.tga,materials/firewatch/thirdparty/vehicles/humvee_glass_rough.tga,vehicles,texture
materials/firewatchtower/humvee_interior_color.tga,materials/firewatch/thirdparty/vehicles/humvee_interior_color.tga,vehicles,texture
materials/firewatchtower/humvee_interior_metal.tga,materials/firewatch/thirdparty/_library/humvee_interior_metal.tga,_library,texture
materials/firewatchtower/humvee_interior_normal.tga,materials/firewatch/thirdparty/vehicles/humvee_interior_normal.tga,vehicles,texture
materials/firewatchtower/humvee_interior_rough.tga,materials/firewatch/thirdparty/_library/humvee_interior_rough.tga,_library,texture
materials/firewatchtower/lamp_01_1k_ao.tga,materials/firewatch/thirdparty/_library/lamp_01_1k_ao.tga,_library,texture
materials/firewatchtower/lamp_01_1k_metal.tga,materials/firewatch/thirdparty/_library/lamp_01_1k_metal.tga,_library,texture
materials/firewatchtower/lamp_01_1k_rough.tga,materials/firewatch/thirdparty/_library/lamp_01_1k_rough.tga,_library,texture
materials/firewatchtower/leaf02_color.tga,materials/firewatch/thirdparty/_shared/leaf02_color.tga,_shared,texture
materials/firewatchtower/leaf02_normal.tga,materials/firewatch/thirdparty/_shared/leaf02_normal.tga,_shared,texture
materials/firewatchtower/leaf02_trans.tga,materials/firewatch/thirdparty/_shared/leaf02_trans.tga,_shared,texture
materials/firewatchtower/leaks_color.tga,materials/firewatch/thirdparty/_library/leaks_color.tga,_library,texture
materials/firewatchtower/leaks_rough.tga,materials/firewatch/thirdparty/_library/leaks_rough.tga,_library,texture
materials/firewatchtower/lights_ao.tga,materials/firewatch/thirdparty/_library/lights_ao.tga,_library,texture
materials/firewatchtower/lights_metal.tga,materials/firewatch/thirdparty/_library/lights_metal.tga,_library,texture
materials/firewatchtower/lights_normal.tga,materials/firewatch/thirdparty/_library/lights_normal.tga,_library,texture
materials/firewatchtower/lights_rough.tga,materials/firewatch/thirdparty/_library/lights_rough.tga,_library,texture
materials/firewatchtower/longgrass_color.tga,materials/firewatch/thirdparty/nature/foliage/longgrass_color.tga,nature/foliage,texture
materials/firewatchtower/longgrass_normal.tga,materials/firewatch/thirdparty/nature/foliage/longgrass_normal.tga,nature/foliage,texture
materials/firewatchtower/longgrass_trans.tga,materials/firewatch/thirdparty/nature/foliage/longgrass_trans.tga,nature/foliage,texture
materials/firewatchtower/m_suv_under_ao.tga,materials/firewatch/thirdparty/vehicles/m_suv_under_ao.tga,vehicles,texture
materials/firewatchtower/m_suv_under_metal.tga,materials/firewatch/thirdparty/vehicles/m_suv_under_metal.tga,vehicles,texture
materials/firewatchtower/m_suv_under_rough.tga,materials/firewatch/thirdparty/vehicles/m_suv_under_rough.tga,vehicles,texture
materials/firewatchtower/medium_cliffs_color.tga,materials/firewatch/thirdparty/_library/medium_cliffs_color.tga,_library,texture
materials/firewatchtower/medium_cliffs_normal.tga,materials/firewatch/thirdparty/_library/medium_cliffs_normal.tga,_library,texture
materials/firewatchtower/metal_base_color.tga,materials/firewatch/thirdparty/_library/metal_base_color.tga,_library,texture
materials/firewatchtower/metal_base_normal.tga,materials/firewatch/thirdparty/_library/metal_base_normal.tga,_library,texture
materials/firewatchtower/metal_color.tga,materials/firewatch/thirdparty/_shared/metal_color.tga,_shared,texture
materials/firewatchtower/metal_normal.tga,materials/firewatch/thirdparty/_shared/metal_normal.tga,_shared,texture
materials/firewatchtower/metal_rough.tga,materials/firewatch/thirdparty/_shared/metal_rough.tga,_shared,texture
materials/firewatchtower/metal_sheets_ao.tga,materials/firewatch/thirdparty/_library/metal_sheets_ao.tga,_library,texture
materials/firewatchtower/metal_sheets_color.tga,materials/firewatch/thirdparty/_library/metal_sheets_color.tga,_library,texture
materials/firewatchtower/metal_sheets_metal.tga,materials/firewatch/thirdparty/_library/metal_sheets_metal.tga,_library,texture
materials/firewatchtower/metal_sheets_normal.tga,materials/firewatch/thirdparty/_library/metal_sheets_normal.tga,_library,texture
materials/firewatchtower/metal_sheets_rough.tga,materials/firewatch/thirdparty/_library/metal_sheets_rough.tga,_library,texture
materials/firewatchtower/metalsheet_color.tga,materials/firewatch/thirdparty/structures/buildings/metalsheet_color.tga,structures/buildings,texture
materials/firewatchtower/metalsheet_metal.tga,materials/firewatch/thirdparty/structures/buildings/metalsheet_metal.tga,structures/buildings,texture
materials/firewatchtower/metalsheet_normal.tga,materials/firewatch/thirdparty/structures/buildings/metalsheet_normal.tga,structures/buildings,texture
materials/firewatchtower/metalsheet_rough.tga,materials/firewatch/thirdparty/structures/buildings/metalsheet_rough.tga,structures/buildings,texture
materials/firewatchtower/mi_mobilecrane_wheels_ao.tga,materials/firewatch/thirdparty/vehicles/mi_mobilecrane_wheels_ao.tga,vehicles,texture
materials/firewatchtower/mi_mobilecrane_wheels_metal.tga,materials/firewatch/thirdparty/vehicles/mi_mobilecrane_wheels_metal.tga,vehicles,texture
materials/firewatchtower/mi_mobilecrane_wheels_rough.tga,materials/firewatch/thirdparty/vehicles/mi_mobilecrane_wheels_rough.tga,vehicles,texture
materials/firewatchtower/moss_color.tga,materials/firewatch/thirdparty/_library/moss_color.tga,_library,texture
materials/firewatchtower/moss_normal.tga,materials/firewatch/thirdparty/_library/moss_normal.tga,_library,texture
materials/firewatchtower/motorbike_02_ao.tga,materials/firewatch/thirdparty/vehicles/motorbike_02_ao.tga,vehicles,texture
materials/firewatchtower/motorbike_02_color.tga,materials/firewatch/thirdparty/vehicles/motorbike_02_color.tga,vehicles,texture
materials/firewatchtower/motorbike_02_metal.tga,materials/firewatch/thirdparty/vehicles/motorbike_02_metal.tga,vehicles,texture
materials/firewatchtower/motorbike_02_normal.tga,materials/firewatch/thirdparty/vehicles/motorbike_02_normal.tga,vehicles,texture
materials/firewatchtower/motorbike_02_rough.tga,materials/firewatch/thirdparty/vehicles/motorbike_02_rough.tga,vehicles,texture
materials/firewatchtower/motorbike_04_ao.tga,materials/firewatch/thirdparty/_library/motorbike_04_ao.tga,_library,texture
materials/firewatchtower/motorbike_04_color.tga,materials/firewatch/thirdparty/_library/motorbike_04_color.tga,_library,texture
materials/firewatchtower/motorbike_04_metal.tga,materials/firewatch/thirdparty/_library/motorbike_04_metal.tga,_library,texture
materials/firewatchtower/motorbike_04_normal.tga,materials/firewatch/thirdparty/_library/motorbike_04_normal.tga,_library,texture
materials/firewatchtower/motorbike_04_rough.tga,materials/firewatch/thirdparty/_library/motorbike_04_rough.tga,_library,texture
materials/firewatchtower/motorbike_05_ao.tga,materials/firewatch/thirdparty/vehicles/motorbike_05_ao.tga,vehicles,texture
materials/firewatchtower/motorbike_05_color.tga,materials/firewatch/thirdparty/vehicles/motorbike_05_color.tga,vehicles,texture
materials/firewatchtower/motorbike_05_metal.tga,materials/firewatch/thirdparty/vehicles/motorbike_05_metal.tga,vehicles,texture
materials/firewatchtower/motorbike_05_normal.tga,materials/firewatch/thirdparty/vehicles/motorbike_05_normal.tga,vehicles,texture
materials/firewatchtower/motorbike_05_rough.tga,materials/firewatch/thirdparty/vehicles/motorbike_05_rough.tga,vehicles,texture
materials/firewatchtower/nail_ao.tga,materials/firewatch/thirdparty/_library/nail_ao.tga,_library,texture
materials/firewatchtower/nail_metal.tga,materials/firewatch/thirdparty/_library/nail_metal.tga,_library,texture
materials/firewatchtower/nail_rough.tga,materials/firewatch/thirdparty/_library/nail_rough.tga,_library,texture
materials/firewatchtower/net_ao.tga,materials/firewatch/thirdparty/_shared/net_ao.tga,_shared,texture
materials/firewatchtower/net_color.tga,materials/firewatch/thirdparty/_shared/net_color.tga,_shared,texture
materials/firewatchtower/net_metal.tga,materials/firewatch/thirdparty/_shared/net_metal.tga,_shared,texture
materials/firewatchtower/net_normal.tga,materials/firewatch/thirdparty/_shared/net_normal.tga,_shared,texture
materials/firewatchtower/net_rough.tga,materials/firewatch/thirdparty/_shared/net_rough.tga,_shared,texture
materials/firewatchtower/net_trans.tga,materials/firewatch/thirdparty/_shared/net_trans.tga,_shared,texture
materials/firewatchtower/pebblegrass_ao.tga,materials/firewatch/thirdparty/_library/pebblegrass_ao.tga,_library,texture
materials/firewatchtower/pebblegrass_color.tga,materials/firewatch/thirdparty/_library/pebblegrass_color.tga,_library,texture
materials/firewatchtower/pebblegrass_height.tga,materials/firewatch/thirdparty/_library/pebblegrass_height.tga,_library,texture
materials/firewatchtower/pebblegrass_normal.tga,materials/firewatch/thirdparty/_library/pebblegrass_normal.tga,_library,texture
materials/firewatchtower/pebblegrass_rough.tga,materials/firewatch/thirdparty/_library/pebblegrass_rough.tga,_library,texture
materials/firewatchtower/pebblegrasssoil_ao.tga,materials/firewatch/thirdparty/_library/pebblegrasssoil_ao.tga,_library,texture
materials/firewatchtower/pebblegrasssoil_color.tga,materials/firewatch/thirdparty/_library/pebblegrasssoil_color.tga,_library,texture
materials/firewatchtower/pebblegrasssoil_height.tga,materials/firewatch/thirdparty/_library/pebblegrasssoil_height.tga,_library,texture
materials/firewatchtower/pebblegrasssoil_normal.tga,materials/firewatch/thirdparty/_library/pebblegrasssoil_normal.tga,_library,texture
materials/firewatchtower/pebblegrasssoil_rough.tga,materials/firewatch/thirdparty/_library/pebblegrasssoil_rough.tga,_library,texture
materials/firewatchtower/pebblesoil_ao.tga,materials/firewatch/thirdparty/_library/pebblesoil_ao.tga,_library,texture
materials/firewatchtower/pebblesoil_color.tga,materials/firewatch/thirdparty/_library/pebblesoil_color.tga,_library,texture
materials/firewatchtower/pebblesoil_height.tga,materials/firewatch/thirdparty/_library/pebblesoil_height.tga,_library,texture
materials/firewatchtower/pebblesoil_normal.tga,materials/firewatch/thirdparty/_library/pebblesoil_normal.tga,_library,texture
materials/firewatchtower/pebblesoil_rough.tga,materials/firewatch/thirdparty/_library/pebblesoil_rough.tga,_library,texture
materials/firewatchtower/pictures_ao.tga,materials/firewatch/thirdparty/props/small/pictures_ao.tga,props/small,texture
materials/firewatchtower/pictures_color.tga,materials/firewatch/thirdparty/props/small/pictures_color.tga,props/small,texture
materials/firewatchtower/pictures_metal.tga,materials/firewatch/thirdparty/props/small/pictures_metal.tga,props/small,texture
materials/firewatchtower/pictures_normal.tga,materials/firewatch/thirdparty/props/small/pictures_normal.tga,props/small,texture
materials/firewatchtower/pictures_rough.tga,materials/firewatch/thirdparty/props/small/pictures_rough.tga,props/small,texture
materials/firewatchtower/plant01_color.tga,materials/firewatch/thirdparty/nature/foliage/plant01_color.tga,nature/foliage,texture
materials/firewatchtower/plant01_normal.tga,materials/firewatch/thirdparty/nature/foliage/plant01_normal.tga,nature/foliage,texture
materials/firewatchtower/plant01_trans.tga,materials/firewatch/thirdparty/nature/foliage/plant01_trans.tga,nature/foliage,texture
materials/firewatchtower/plastic_ao.tga,materials/firewatch/thirdparty/_library/plastic_ao.tga,_library,texture
materials/firewatchtower/plastic_metal.tga,materials/firewatch/thirdparty/_library/plastic_metal.tga,_library,texture
materials/firewatchtower/plastic_rough.tga,materials/firewatch/thirdparty/_library/plastic_rough.tga,_library,texture
materials/firewatchtower/plasticsheet_color.tga,materials/firewatch/thirdparty/_library/plasticsheet_color.tga,_library,texture
materials/firewatchtower/plasticsheet_normal.tga,materials/firewatch/thirdparty/structures/buildings/plasticsheet_normal.tga,structures/buildings,texture
materials/firewatchtower/plasticsheet_rough.tga,materials/firewatch/thirdparty/structures/buildings/plasticsheet_rough.tga,structures/buildings,texture
materials/firewatchtower/pole_parts_ao.tga,materials/firewatch/thirdparty/_library/pole_parts_ao.tga,_library,texture
materials/firewatchtower/pole_parts_color.tga,materials/firewatch/thirdparty/_library/pole_parts_color.tga,_library,texture
materials/firewatchtower/pole_parts_metal.tga,materials/firewatch/thirdparty/_library/pole_parts_metal.tga,_library,texture
materials/firewatchtower/pole_parts_normal.tga,materials/firewatch/thirdparty/_library/pole_parts_normal.tga,_library,texture
materials/firewatchtower/pole_parts_rough.tga,materials/firewatch/thirdparty/_library/pole_parts_rough.tga,_library,texture
materials/firewatchtower/pole_wood_ao.tga,materials/firewatch/thirdparty/infra/pole_wood_ao.tga,infra,texture
materials/firewatchtower/pole_wood_color.tga,materials/firewatch/thirdparty/infra/pole_wood_color.tga,infra,texture
materials/firewatchtower/pole_wood_normal.tga,materials/firewatch/thirdparty/infra/pole_wood_normal.tga,infra,texture
materials/firewatchtower/pole_wood_rough.tga,materials/firewatch/thirdparty/infra/pole_wood_rough.tga,infra,texture
materials/firewatchtower/propset_01_ao.tga,materials/firewatch/thirdparty/_shared/propset_01_ao.tga,_shared,texture
materials/firewatchtower/propset_01_color.tga,materials/firewatch/thirdparty/_library/propset_01_color.tga,_library,texture
materials/firewatchtower/propset_01_metal.tga,materials/firewatch/thirdparty/_shared/propset_01_metal.tga,_shared,texture
materials/firewatchtower/propset_01_normal.tga,materials/firewatch/thirdparty/_shared/propset_01_normal.tga,_shared,texture
materials/firewatchtower/propset_01_rough.tga,materials/firewatch/thirdparty/_shared/propset_01_rough.tga,_shared,texture
materials/firewatchtower/propset_02_ao.tga,materials/firewatch/thirdparty/_library/propset_02_ao.tga,_library,texture
materials/firewatchtower/propset_02_color.tga,materials/firewatch/thirdparty/_library/propset_02_color.tga,_library,texture
materials/firewatchtower/propset_02_metal.tga,materials/firewatch/thirdparty/_library/propset_02_metal.tga,_library,texture
materials/firewatchtower/propset_02_normal.tga,materials/firewatch/thirdparty/_shared/propset_02_normal.tga,_shared,texture
materials/firewatchtower/propset_02_rough.tga,materials/firewatch/thirdparty/_library/propset_02_rough.tga,_library,texture
materials/firewatchtower/propset_03_ao.tga,materials/firewatch/thirdparty/_shared/propset_03_ao.tga,_shared,texture
materials/firewatchtower/propset_03_color.tga,materials/firewatch/thirdparty/_library/propset_03_color.tga,_library,texture
materials/firewatchtower/propset_03_metal.tga,materials/firewatch/thirdparty/_shared/propset_03_metal.tga,_shared,texture
materials/firewatchtower/propset_03_normal.tga,materials/firewatch/thirdparty/_shared/propset_03_normal.tga,_shared,texture
materials/firewatchtower/propset_03_rough.tga,materials/firewatch/thirdparty/_shared/propset_03_rough.tga,_shared,texture
materials/firewatchtower/propset_04_ao.tga,materials/firewatch/thirdparty/_shared/propset_04_ao.tga,_shared,texture
materials/firewatchtower/propset_04_color.tga,materials/firewatch/thirdparty/_library/propset_04_color.tga,_library,texture
materials/firewatchtower/propset_04_metal.tga,materials/firewatch/thirdparty/_shared/propset_04_metal.tga,_shared,texture
materials/firewatchtower/propset_04_normal.tga,materials/firewatch/thirdparty/_shared/propset_04_normal.tga,_shared,texture
materials/firewatchtower/propset_04_rough.tga,materials/firewatch/thirdparty/_shared/propset_04_rough.tga,_shared,texture
materials/firewatchtower/propset_05_ao.tga,materials/firewatch/thirdparty/_shared/propset_05_ao.tga,_shared,texture
materials/firewatchtower/propset_05_color.tga,materials/firewatch/thirdparty/_library/propset_05_color.tga,_library,texture
materials/firewatchtower/propset_05_metal.tga,materials/firewatch/thirdparty/_shared/propset_05_metal.tga,_shared,texture
materials/firewatchtower/propset_05_normal.tga,materials/firewatch/thirdparty/_shared/propset_05_normal.tga,_shared,texture
materials/firewatchtower/propset_05_rough.tga,materials/firewatch/thirdparty/_shared/propset_05_rough.tga,_shared,texture
materials/firewatchtower/road_sign_ao.tga,materials/firewatch/thirdparty/infra/road_sign_ao.tga,infra,texture
materials/firewatchtower/road_sign_color.tga,materials/firewatch/thirdparty/infra/road_sign_color.tga,infra,texture
materials/firewatchtower/road_sign_metal.tga,materials/firewatch/thirdparty/infra/road_sign_metal.tga,infra,texture
materials/firewatchtower/road_sign_normal.tga,materials/firewatch/thirdparty/infra/road_sign_normal.tga,infra,texture
materials/firewatchtower/road_sign_rough.tga,materials/firewatch/thirdparty/infra/road_sign_rough.tga,infra,texture
materials/firewatchtower/roada_color.tga,materials/firewatch/thirdparty/_library/roada_color.tga,_library,texture
materials/firewatchtower/roada_normal.tga,materials/firewatch/thirdparty/_shared/roada_normal.tga,_shared,texture
materials/firewatchtower/roada_rough.tga,materials/firewatch/thirdparty/_library/roada_rough.tga,_library,texture
materials/firewatchtower/rock01_normal.tga,materials/firewatch/thirdparty/nature/rocks/rock01_normal.tga,nature/rocks,texture
materials/firewatchtower/rock1_ao.tga,materials/firewatch/thirdparty/_library/rock1_ao.tga,_library,texture
materials/firewatchtower/rock1_metal.tga,materials/firewatch/thirdparty/_library/rock1_metal.tga,_library,texture
materials/firewatchtower/rock1_normal.tga,materials/firewatch/thirdparty/_library/rock1_normal.tga,_library,texture
materials/firewatchtower/rock1_rough.tga,materials/firewatch/thirdparty/_library/rock1_rough.tga,_library,texture
materials/firewatchtower/rock2_ao.tga,materials/firewatch/thirdparty/_library/rock2_ao.tga,_library,texture
materials/firewatchtower/rock2_metal.tga,materials/firewatch/thirdparty/_library/rock2_metal.tga,_library,texture
materials/firewatchtower/rock2_normal.tga,materials/firewatch/thirdparty/_library/rock2_normal.tga,_library,texture
materials/firewatchtower/rock2_rough.tga,materials/firewatch/thirdparty/_library/rock2_rough.tga,_library,texture
materials/firewatchtower/rock3_ao.tga,materials/firewatch/thirdparty/_library/rock3_ao.tga,_library,texture
materials/firewatchtower/rock3_metal.tga,materials/firewatch/thirdparty/_library/rock3_metal.tga,_library,texture
materials/firewatchtower/rock3_normal.tga,materials/firewatch/thirdparty/_library/rock3_normal.tga,_library,texture
materials/firewatchtower/rock3_rough.tga,materials/firewatch/thirdparty/_library/rock3_rough.tga,_library,texture
materials/firewatchtower/rock_color.tga,materials/firewatch/thirdparty/nature/rocks/rock_color.tga,nature/rocks,texture
materials/firewatchtower/rock_normal.tga,materials/firewatch/thirdparty/nature/rocks/rock_normal.tga,nature/rocks,texture
materials/firewatchtower/rock_quarry2_ao.tga,materials/firewatch/thirdparty/_library/rock_quarry2_ao.tga,_library,texture
materials/firewatchtower/rock_quarry2_color.tga,materials/firewatch/thirdparty/_library/rock_quarry2_color.tga,_library,texture
materials/firewatchtower/rock_quarry2_height.tga,materials/firewatch/thirdparty/_library/rock_quarry2_height.tga,_library,texture
materials/firewatchtower/rock_quarry2_normal.tga,materials/firewatch/thirdparty/_library/rock_quarry2_normal.tga,_library,texture
materials/firewatchtower/rock_quarry2_rough.tga,materials/firewatch/thirdparty/_library/rock_quarry2_rough.tga,_library,texture
materials/firewatchtower/rock_rough.tga,materials/firewatch/thirdparty/nature/rocks/rock_rough.tga,nature/rocks,texture
materials/firewatchtower/rocking_chair_ao.tga,materials/firewatch/thirdparty/nature/rocks/rocking_chair_ao.tga,nature/rocks,texture
materials/firewatchtower/rocking_chair_color.tga,materials/firewatch/thirdparty/nature/rocks/rocking_chair_color.tga,nature/rocks,texture
materials/firewatchtower/rocking_chair_normal.tga,materials/firewatch/thirdparty/nature/rocks/rocking_chair_normal.tga,nature/rocks,texture
materials/firewatchtower/rocking_chair_rough.tga,materials/firewatch/thirdparty/nature/rocks/rocking_chair_rough.tga,nature/rocks,texture
materials/firewatchtower/rust01_ao.tga,materials/firewatch/thirdparty/_library/rust01_ao.tga,_library,texture
materials/firewatchtower/rust01_metal.tga,materials/firewatch/thirdparty/_library/rust01_metal.tga,_library,texture
materials/firewatchtower/rust01_rough.tga,materials/firewatch/thirdparty/_library/rust01_rough.tga,_library,texture
materials/firewatchtower/rust02_ao.tga,materials/firewatch/thirdparty/_library/rust02_ao.tga,_library,texture
materials/firewatchtower/rust02_color.tga,materials/firewatch/thirdparty/_library/rust02_color.tga,_library,texture
materials/firewatchtower/rust02_metal.tga,materials/firewatch/thirdparty/_library/rust02_metal.tga,_library,texture
materials/firewatchtower/rust02_normal.tga,materials/firewatch/thirdparty/_library/rust02_normal.tga,_library,texture
materials/firewatchtower/rust02_rough.tga,materials/firewatch/thirdparty/_library/rust02_rough.tga,_library,texture
materials/firewatchtower/rust_color.tga,materials/firewatch/thirdparty/_shared/rust_color.tga,_shared,texture
materials/firewatchtower/rust_normal.tga,materials/firewatch/thirdparty/_library/rust_normal.tga,_library,texture
materials/firewatchtower/rust_rough.tga,materials/firewatch/thirdparty/_library/rust_rough.tga,_library,texture
materials/firewatchtower/rustdrip02_color.tga,materials/firewatch/thirdparty/_library/rustdrip02_color.tga,_library,texture
materials/firewatchtower/rustmask03_color.tga,materials/firewatch/thirdparty/_library/rustmask03_color.tga,_library,texture
materials/firewatchtower/saloon_letters_ao.tga,materials/firewatch/thirdparty/_library/saloon_letters_ao.tga,_library,texture
materials/firewatchtower/saloon_letters_color.tga,materials/firewatch/thirdparty/_library/saloon_letters_color.tga,_library,texture
materials/firewatchtower/saloon_letters_metal.tga,materials/firewatch/thirdparty/_library/saloon_letters_metal.tga,_library,texture
materials/firewatchtower/saloon_letters_normal.tga,materials/firewatch/thirdparty/_library/saloon_letters_normal.tga,_library,texture
materials/firewatchtower/saloon_letters_rough.tga,materials/firewatch/thirdparty/_library/saloon_letters_rough.tga,_library,texture
materials/firewatchtower/sandbarrier_01_2k_ao.tga,materials/firewatch/thirdparty/structures/fences/sandbarrier_01_2k_ao.tga,structures/fences,texture
materials/firewatchtower/sandbarrier_01_2k_color.tga,materials/firewatch/thirdparty/structures/fences/sandbarrier_01_2k_color.tga,structures/fences,texture
materials/firewatchtower/sandbarrier_01_2k_metal.tga,materials/firewatch/thirdparty/structures/fences/sandbarrier_01_2k_metal.tga,structures/fences,texture
materials/firewatchtower/sandbarrier_01_2k_normal.tga,materials/firewatch/thirdparty/structures/fences/sandbarrier_01_2k_normal.tga,structures/fences,texture
materials/firewatchtower/sandbarrier_01_2k_rough.tga,materials/firewatch/thirdparty/structures/fences/sandbarrier_01_2k_rough.tga,structures/fences,texture
materials/firewatchtower/sandbarrier_02_2k_ao.tga,materials/firewatch/thirdparty/structures/fences/sandbarrier_02_2k_ao.tga,structures/fences,texture
materials/firewatchtower/sandbarrier_02_2k_color.tga,materials/firewatch/thirdparty/structures/fences/sandbarrier_02_2k_color.tga,structures/fences,texture
materials/firewatchtower/sandbarrier_02_2k_metal.tga,materials/firewatch/thirdparty/structures/fences/sandbarrier_02_2k_metal.tga,structures/fences,texture
materials/firewatchtower/sandbarrier_02_2k_normal.tga,materials/firewatch/thirdparty/structures/fences/sandbarrier_02_2k_normal.tga,structures/fences,texture
materials/firewatchtower/sandbarrier_02_2k_rough.tga,materials/firewatch/thirdparty/structures/fences/sandbarrier_02_2k_rough.tga,structures/fences,texture
materials/firewatchtower/sandbarrier_dirt_2k_color.tga,materials/firewatch/thirdparty/structures/fences/sandbarrier_dirt_2k_color.tga,structures/fences,texture
materials/firewatchtower/sandbarrier_dirt_2k_normal.tga,materials/firewatch/thirdparty/structures/fences/sandbarrier_dirt_2k_normal.tga,structures/fences,texture
materials/firewatchtower/sandbarrier_dirt_2k_rough.tga,materials/firewatch/thirdparty/structures/fences/sandbarrier_dirt_2k_rough.tga,structures/fences,texture
materials/firewatchtower/sandbarrier_wireframe_1k_ao.tga,materials/firewatch/thirdparty/structures/fences/sandbarrier_wireframe_1k_ao.tga,structures/fences,texture
materials/firewatchtower/sandbarrier_wireframe_1k_color.tga,materials/firewatch/thirdparty/structures/fences/sandbarrier_wireframe_1k_color.tga,structures/fences,texture
materials/firewatchtower/sandbarrier_wireframe_1k_normal.tga,materials/firewatch/thirdparty/structures/fences/sandbarrier_wireframe_1k_normal.tga,structures/fences,texture
materials/firewatchtower/sandbarrier_wireframe_1k_rough.tga,materials/firewatch/thirdparty/structures/fences/sandbarrier_wireframe_1k_rough.tga,structures/fences,texture
materials/firewatchtower/satellite_a_2k_ao.tga,materials/firewatch/thirdparty/structures/tower/satellite_a_2k_ao.tga,structures/tower,texture
materials/firewatchtower/satellite_a_2k_color.tga,materials/firewatch/thirdparty/structures/tower/satellite_a_2k_color.tga,structures/tower,texture
materials/firewatchtower/satellite_a_2k_metal.tga,materials/firewatch/thirdparty/structures/tower/satellite_a_2k_metal.tga,structures/tower,texture
materials/firewatchtower/satellite_a_2k_normal.tga,materials/firewatch/thirdparty/structures/tower/satellite_a_2k_normal.tga,structures/tower,texture
materials/firewatchtower/satellite_a_2k_rough.tga,materials/firewatch/thirdparty/structures/tower/satellite_a_2k_rough.tga,structures/tower,texture
materials/firewatchtower/satellite_ao.tga,materials/firewatch/thirdparty/structures/tower/satellite_ao.tga,structures/tower,texture
materials/firewatchtower/satellite_b_2k_ao.tga,materials/firewatch/thirdparty/structures/tower/satellite_b_2k_ao.tga,structures/tower,texture
materials/firewatchtower/satellite_b_2k_color.tga,materials/firewatch/thirdparty/structures/tower/satellite_b_2k_color.tga,structures/tower,texture
materials/firewatchtower/satellite_b_2k_metal.tga,materials/firewatch/thirdparty/structures/tower/satellite_b_2k_metal.tga,structures/tower,texture
materials/firewatchtower/satellite_b_2k_normal.tga,materials/firewatch/thirdparty/structures/tower/satellite_b_2k_normal.tga,structures/tower,texture
materials/firewatchtower/satellite_b_2k_rough.tga,materials/firewatch/thirdparty/structures/tower/satellite_b_2k_rough.tga,structures/tower,texture
materials/firewatchtower/satellite_color.tga,materials/firewatch/thirdparty/structures/tower/satellite_color.tga,structures/tower,texture
materials/firewatchtower/satellite_metal.tga,materials/firewatch/thirdparty/structures/tower/satellite_metal.tga,structures/tower,texture
materials/firewatchtower/satellite_normal.tga,materials/firewatch/thirdparty/structures/tower/satellite_normal.tga,structures/tower,texture
materials/firewatchtower/satellite_rough.tga,materials/firewatch/thirdparty/structures/tower/satellite_rough.tga,structures/tower,texture
materials/firewatchtower/sedan01_body_ao.tga,materials/firewatch/thirdparty/_library/sedan01_body_ao.tga,_library,texture
materials/firewatchtower/sedan01_body_color.tga,materials/firewatch/thirdparty/_library/sedan01_body_color.tga,_library,texture
materials/firewatchtower/sedan01_body_metal.tga,materials/firewatch/thirdparty/_library/sedan01_body_metal.tga,_library,texture
materials/firewatchtower/sedan01_body_rough.tga,materials/firewatch/thirdparty/_library/sedan01_body_rough.tga,_library,texture
materials/firewatchtower/sedan01_interior_color.tga,materials/firewatch/thirdparty/_library/sedan01_interior_color.tga,_library,texture
materials/firewatchtower/sedan01_interior_metal.tga,materials/firewatch/thirdparty/_library/sedan01_interior_metal.tga,_library,texture
materials/firewatchtower/sedan01_interior_normal.tga,materials/firewatch/thirdparty/_library/sedan01_interior_normal.tga,_library,texture
materials/firewatchtower/sedan01_interior_rough.tga,materials/firewatch/thirdparty/_library/sedan01_interior_rough.tga,_library,texture
materials/firewatchtower/sedan01_seats_color.tga,materials/firewatch/thirdparty/_library/sedan01_seats_color.tga,_library,texture
materials/firewatchtower/sedan01_seats_normal.tga,materials/firewatch/thirdparty/_library/sedan01_seats_normal.tga,_library,texture
materials/firewatchtower/sedan02_body_ao.tga,materials/firewatch/thirdparty/vehicles/sedan02_body_ao.tga,vehicles,texture
materials/firewatchtower/sedan02_body_color.tga,materials/firewatch/thirdparty/vehicles/sedan02_body_color.tga,vehicles,texture
materials/firewatchtower/sedan02_body_metal.tga,materials/firewatch/thirdparty/vehicles/sedan02_body_metal.tga,vehicles,texture
materials/firewatchtower/sedan02_body_rough.tga,materials/firewatch/thirdparty/vehicles/sedan02_body_rough.tga,vehicles,texture
materials/firewatchtower/sedan02_dirt_metal.tga,materials/firewatch/thirdparty/_library/sedan02_dirt_metal.tga,_library,texture
materials/firewatchtower/sedan02_dirt_rough.tga,materials/firewatch/thirdparty/_library/sedan02_dirt_rough.tga,_library,texture
materials/firewatchtower/sedan02_interior_ao.tga,materials/firewatch/thirdparty/vehicles/sedan02_interior_ao.tga,vehicles,texture
materials/firewatchtower/sedan02_interior_color.tga,materials/firewatch/thirdparty/vehicles/sedan02_interior_color.tga,vehicles,texture
materials/firewatchtower/sedan02_interior_metal.tga,materials/firewatch/thirdparty/vehicles/sedan02_interior_metal.tga,vehicles,texture
materials/firewatchtower/sedan02_interior_normal.tga,materials/firewatch/thirdparty/vehicles/sedan02_interior_normal.tga,vehicles,texture
materials/firewatchtower/sedan02_interior_rough.tga,materials/firewatch/thirdparty/vehicles/sedan02_interior_rough.tga,vehicles,texture
materials/firewatchtower/sedan02_seats_color.tga,materials/firewatch/thirdparty/vehicles/sedan02_seats_color.tga,vehicles,texture
materials/firewatchtower/sedan02_seats_normal.tga,materials/firewatch/thirdparty/vehicles/sedan02_seats_normal.tga,vehicles,texture
materials/firewatchtower/shelf_l_ao.tga,materials/firewatch/thirdparty/props/furniture/shelf_l_ao.tga,props/furniture,texture
materials/firewatchtower/shelf_l_color.tga,materials/firewatch/thirdparty/props/furniture/shelf_l_color.tga,props/furniture,texture
materials/firewatchtower/shelf_l_normal.tga,materials/firewatch/thirdparty/props/furniture/shelf_l_normal.tga,props/furniture,texture
materials/firewatchtower/shelf_l_rough.tga,materials/firewatch/thirdparty/props/furniture/shelf_l_rough.tga,props/furniture,texture
materials/firewatchtower/sign_rack_jerrys_can_ao.tga,materials/firewatch/thirdparty/props/containers/sign_rack_jerrys_can_ao.tga,props/containers,texture
materials/firewatchtower/sign_rack_jerrys_can_color.tga,materials/firewatch/thirdparty/props/containers/sign_rack_jerrys_can_color.tga,props/containers,texture
materials/firewatchtower/sign_rack_jerrys_can_metal.tga,materials/firewatch/thirdparty/props/containers/sign_rack_jerrys_can_metal.tga,props/containers,texture
materials/firewatchtower/sign_rack_jerrys_can_normal.tga,materials/firewatch/thirdparty/props/containers/sign_rack_jerrys_can_normal.tga,props/containers,texture
materials/firewatchtower/sign_rack_jerrys_can_rough.tga,materials/firewatch/thirdparty/props/containers/sign_rack_jerrys_can_rough.tga,props/containers,texture
materials/firewatchtower/smallrocks_ao.tga,materials/firewatch/thirdparty/nature/rocks/smallrocks_ao.tga,nature/rocks,texture
materials/firewatchtower/smallrocks_color.tga,materials/firewatch/thirdparty/nature/rocks/smallrocks_color.tga,nature/rocks,texture
materials/firewatchtower/smallrocks_normal.tga,materials/firewatch/thirdparty/nature/rocks/smallrocks_normal.tga,nature/rocks,texture
materials/firewatchtower/smallrocks_rough.tga,materials/firewatch/thirdparty/nature/rocks/smallrocks_rough.tga,nature/rocks,texture
materials/firewatchtower/soil_ao.tga,materials/firewatch/thirdparty/_library/soil_ao.tga,_library,texture
materials/firewatchtower/soil_color.tga,materials/firewatch/thirdparty/_library/soil_color.tga,_library,texture
materials/firewatchtower/soil_height.tga,materials/firewatch/thirdparty/_library/soil_height.tga,_library,texture
materials/firewatchtower/soil_normal.tga,materials/firewatch/thirdparty/_library/soil_normal.tga,_library,texture
materials/firewatchtower/soil_rough.tga,materials/firewatch/thirdparty/_library/soil_rough.tga,_library,texture
materials/firewatchtower/solar_panel_ao.tga,materials/firewatch/thirdparty/structures/tower/solar_panel_ao.tga,structures/tower,texture
materials/firewatchtower/solar_panel_color.tga,materials/firewatch/thirdparty/structures/tower/solar_panel_color.tga,structures/tower,texture
materials/firewatchtower/solar_panel_metal.tga,materials/firewatch/thirdparty/structures/tower/solar_panel_metal.tga,structures/tower,texture
materials/firewatchtower/solar_panel_normal.tga,materials/firewatch/thirdparty/structures/tower/solar_panel_normal.tga,structures/tower,texture
materials/firewatchtower/solar_panel_rough.tga,materials/firewatch/thirdparty/structures/tower/solar_panel_rough.tga,structures/tower,texture
materials/firewatchtower/standin02_color.tga,materials/firewatch/thirdparty/_library/standin02_color.tga,_library,texture
materials/firewatchtower/standin_color.tga,materials/firewatch/thirdparty/_library/standin_color.tga,_library,texture
materials/firewatchtower/stoneground_ao.tga,materials/firewatch/thirdparty/_library/stoneground_ao.tga,_library,texture
materials/firewatchtower/stoneground_color.tga,materials/firewatch/thirdparty/_library/stoneground_color.tga,_library,texture
materials/firewatchtower/stoneground_metal.tga,materials/firewatch/thirdparty/_library/stoneground_metal.tga,_library,texture
materials/firewatchtower/stoneground_normal.tga,materials/firewatch/thirdparty/_library/stoneground_normal.tga,_library,texture
materials/firewatchtower/stoneground_rough.tga,materials/firewatch/thirdparty/_library/stoneground_rough.tga,_library,texture
materials/firewatchtower/stool_ao.tga,materials/firewatch/thirdparty/props/furniture/stool_ao.tga,props/furniture,texture
materials/firewatchtower/stool_color.tga,materials/firewatch/thirdparty/props/furniture/stool_color.tga,props/furniture,texture
materials/firewatchtower/stool_normal.tga,materials/firewatch/thirdparty/props/furniture/stool_normal.tga,props/furniture,texture
materials/firewatchtower/stool_rough.tga,materials/firewatch/thirdparty/props/furniture/stool_rough.tga,props/furniture,texture
materials/firewatchtower/t_general_orm_ao.tga,materials/firewatch/thirdparty/nature/terrain/t_general_orm_ao.tga,nature/terrain,texture
materials/firewatchtower/t_general_orm_metal.tga,materials/firewatch/thirdparty/nature/terrain/t_general_orm_metal.tga,nature/terrain,texture
materials/firewatchtower/t_groundsoil_a.tga,materials/firewatch/thirdparty/construction/wood/t_groundsoil_a.tga,construction/wood,texture
materials/firewatchtower/t_humvee_exterior_01_orm_ao.tga,materials/firewatch/thirdparty/vehicles/t_humvee_exterior_01_orm_ao.tga,vehicles,texture
materials/firewatchtower/t_humvee_exterior_01_orm_metal.tga,materials/firewatch/thirdparty/vehicles/t_humvee_exterior_01_orm_metal.tga,vehicles,texture
materials/firewatchtower/t_humvee_exterior_01_orm_rough.tga,materials/firewatch/thirdparty/vehicles/t_humvee_exterior_01_orm_rough.tga,vehicles,texture
materials/firewatchtower/t_humvee_exterior_02_orm_ao.tga,materials/firewatch/thirdparty/vehicles/t_humvee_exterior_02_orm_ao.tga,vehicles,texture
materials/firewatchtower/t_humvee_exterior_02_orm_metal.tga,materials/firewatch/thirdparty/vehicles/t_humvee_exterior_02_orm_metal.tga,vehicles,texture
materials/firewatchtower/t_humvee_exterior_02_orm_rough.tga,materials/firewatch/thirdparty/vehicles/t_humvee_exterior_02_orm_rough.tga,vehicles,texture
materials/firewatchtower/t_humvee_exterior_03_orm_ao.tga,materials/firewatch/thirdparty/vehicles/t_humvee_exterior_03_orm_ao.tga,vehicles,texture
materials/firewatchtower/t_humvee_exterior_03_orm_metal.tga,materials/firewatch/thirdparty/vehicles/t_humvee_exterior_03_orm_metal.tga,vehicles,texture
materials/firewatchtower/t_humvee_exterior_03_orm_rough.tga,materials/firewatch/thirdparty/vehicles/t_humvee_exterior_03_orm_rough.tga,vehicles,texture
materials/firewatchtower/t_humvee_glass_b_o.tga,materials/firewatch/thirdparty/vehicles/t_humvee_glass_b_o.tga,vehicles,texture
materials/firewatchtower/t_humvee_interior_orm_ao.tga,materials/firewatch/thirdparty/vehicles/t_humvee_interior_orm_ao.tga,vehicles,texture
materials/firewatchtower/t_humvee_interior_orm_metal.tga,materials/firewatch/thirdparty/vehicles/t_humvee_interior_orm_metal.tga,vehicles,texture
materials/firewatchtower/t_humvee_interior_orm_rough.tga,materials/firewatch/thirdparty/vehicles/t_humvee_interior_orm_rough.tga,vehicles,texture
materials/firewatchtower/t_m_suv_under_b.tga,materials/firewatch/thirdparty/vehicles/t_m_suv_under_b.tga,vehicles,texture
materials/firewatchtower/t_m_suv_under_n.tga,materials/firewatch/thirdparty/vehicles/t_m_suv_under_n.tga,vehicles,texture
materials/firewatchtower/t_mi_mobilecrane_wheels_b.tga,materials/firewatch/thirdparty/vehicles/t_mi_mobilecrane_wheels_b.tga,vehicles,texture
materials/firewatchtower/t_mi_mobilecrane_wheels_n.tga,materials/firewatch/thirdparty/vehicles/t_mi_mobilecrane_wheels_n.tga,vehicles,texture
materials/firewatchtower/t_propset_02_orm_ao.tga,materials/firewatch/thirdparty/_shared/t_propset_02_orm_ao.tga,_shared,texture
materials/firewatchtower/t_propset_02_orm_metal.tga,materials/firewatch/thirdparty/_shared/t_propset_02_orm_metal.tga,_shared,texture
materials/firewatchtower/t_propset_02_orm_rough.tga,materials/firewatch/thirdparty/_shared/t_propset_02_orm_rough.tga,_shared,texture
materials/firewatchtower/t_roada_a.tga,materials/firewatch/thirdparty/_shared/t_roada_a.tga,_shared,texture
materials/firewatchtower/t_rock_b.tga,materials/firewatch/thirdparty/nature/rocks/t_rock_b.tga,nature/rocks,texture
materials/firewatchtower/table_ao.tga,materials/firewatch/thirdparty/props/furniture/table_ao.tga,props/furniture,texture
materials/firewatchtower/table_color.tga,materials/firewatch/thirdparty/props/furniture/table_color.tga,props/furniture,texture
materials/firewatchtower/table_normal.tga,materials/firewatch/thirdparty/props/furniture/table_normal.tga,props/furniture,texture
materials/firewatchtower/table_rough.tga,materials/firewatch/thirdparty/props/furniture/table_rough.tga,props/furniture,texture
materials/firewatchtower/text_rough.tga,materials/firewatch/thirdparty/_library/text_rough.tga,_library,texture
materials/firewatchtower/tilable_rust_color.tga,materials/firewatch/thirdparty/_library/tilable_rust_color.tga,_library,texture
materials/firewatchtower/tilable_rust_normal.tga,materials/firewatch/thirdparty/_library/tilable_rust_normal.tga,_library,texture
materials/firewatchtower/tire_ao.tga,materials/firewatch/thirdparty/nature/terrain/tire_ao.tga,nature/terrain,texture
materials/firewatchtower/tire_color.tga,materials/firewatch/thirdparty/nature/terrain/tire_color.tga,nature/terrain,texture
materials/firewatchtower/tire_metal.tga,materials/firewatch/thirdparty/nature/terrain/tire_metal.tga,nature/terrain,texture
materials/firewatchtower/tire_normal.tga,materials/firewatch/thirdparty/nature/terrain/tire_normal.tga,nature/terrain,texture
materials/firewatchtower/tire_rough.tga,materials/firewatch/thirdparty/nature/terrain/tire_rough.tga,nature/terrain,texture
materials/firewatchtower/tower_ao.tga,materials/firewatch/thirdparty/structures/tower/tower_ao.tga,structures/tower,texture
materials/firewatchtower/tower_metal.tga,materials/firewatch/thirdparty/structures/tower/tower_metal.tga,structures/tower,texture
materials/firewatchtower/tower_rough.tga,materials/firewatch/thirdparty/structures/tower/tower_rough.tga,structures/tower,texture
materials/firewatchtower/trapaulin_fold_normal.tga,materials/firewatch/thirdparty/_library/trapaulin_fold_normal.tga,_library,texture
materials/firewatchtower/trapaulin_tile_color.tga,materials/firewatch/thirdparty/_library/trapaulin_tile_color.tga,_library,texture
materials/firewatchtower/trapaulin_tile_normal.tga,materials/firewatch/thirdparty/structures/buildings/trapaulin_tile_normal.tga,structures/buildings,texture
materials/firewatchtower/trapaulin_tile_rough.tga,materials/firewatch/thirdparty/structures/buildings/trapaulin_tile_rough.tga,structures/buildings,texture
materials/firewatchtower/trash_container_ao.tga,materials/firewatch/thirdparty/props/debris/trash_container_ao.tga,props/debris,texture
materials/firewatchtower/trash_container_color.tga,materials/firewatch/thirdparty/props/debris/trash_container_color.tga,props/debris,texture
materials/firewatchtower/trash_container_metal.tga,materials/firewatch/thirdparty/props/debris/trash_container_metal.tga,props/debris,texture
materials/firewatchtower/trash_container_normal.tga,materials/firewatch/thirdparty/props/debris/trash_container_normal.tga,props/debris,texture
materials/firewatchtower/trash_container_rough.tga,materials/firewatch/thirdparty/props/debris/trash_container_rough.tga,props/debris,texture
materials/firewatchtower/trim1_normal.tga,materials/firewatch/thirdparty/_library/trim1_normal.tga,_library,texture
materials/firewatchtower/trimsheet_ao.tga,materials/firewatch/thirdparty/_shared/trimsheet_ao.tga,_shared,texture
materials/firewatchtower/trimsheet_color.tga,materials/firewatch/thirdparty/_library/trimsheet_color.tga,_library,texture
materials/firewatchtower/trimsheet_metal.tga,materials/firewatch/thirdparty/_shared/trimsheet_metal.tga,_shared,texture
materials/firewatchtower/trimsheet_normal.tga,materials/firewatch/thirdparty/_shared/trimsheet_normal.tga,_shared,texture
materials/firewatchtower/trimsheet_rough.tga,materials/firewatch/thirdparty/_shared/trimsheet_rough.tga,_shared,texture
materials/firewatchtower/trunk_color.tga,materials/firewatch/thirdparty/nature/trees/trunk_color.tga,nature/trees,texture
materials/firewatchtower/trunk_normal.tga,materials/firewatch/thirdparty/nature/trees/trunk_normal.tga,nature/trees,texture
materials/firewatchtower/wall_decor_ao.tga,materials/firewatch/thirdparty/structures/walls_windows/wall_decor_ao.tga,structures/walls_windows,texture
materials/firewatchtower/wall_decor_color.tga,materials/firewatch/thirdparty/structures/walls_windows/wall_decor_color.tga,structures/walls_windows,texture
materials/firewatchtower/wall_decor_normal.tga,materials/firewatch/thirdparty/structures/walls_windows/wall_decor_normal.tga,structures/walls_windows,texture
materials/firewatchtower/wall_decor_rough.tga,materials/firewatch/thirdparty/structures/walls_windows/wall_decor_rough.tga,structures/walls_windows,texture
materials/firewatchtower/watchtower_trim01_color.tga,materials/firewatch/thirdparty/structures/tower/watchtower_trim01_color.tga,structures/tower,texture
materials/firewatchtower/watchtower_trim01_metal.tga,materials/firewatch/thirdparty/structures/tower/watchtower_trim01_metal.tga,structures/tower,texture
materials/firewatchtower/watchtower_trim01_normal.tga,materials/firewatch/thirdparty/structures/tower/watchtower_trim01_normal.tga,structures/tower,texture
materials/firewatchtower/watchtower_trim01_rough.tga,materials/firewatch/thirdparty/structures/tower/watchtower_trim01_rough.tga,structures/tower,texture
materials/firewatchtower/watchtower_trim02_color.tga,materials/firewatch/thirdparty/structures/tower/watchtower_trim02_color.tga,structures/tower,texture
materials/firewatchtower/watchtower_trim02_metal.tga,materials/firewatch/thirdparty/structures/tower/watchtower_trim02_metal.tga,structures/tower,texture
materials/firewatchtower/watchtower_trim02_normal.tga,materials/firewatch/thirdparty/structures/tower/watchtower_trim02_normal.tga,structures/tower,texture
materials/firewatchtower/watchtower_trim02_rough.tga,materials/firewatch/thirdparty/structures/tower/watchtower_trim02_rough.tga,structures/tower,texture
materials/firewatchtower/water_normal.tga,materials/firewatch/thirdparty/_library/water_normal.tga,_library,texture
materials/firewatchtower/wheelset_01_ao.tga,materials/firewatch/thirdparty/vehicles/wheelset_01_ao.tga,vehicles,texture
materials/firewatchtower/wheelset_01_color.tga,materials/firewatch/thirdparty/vehicles/wheelset_01_color.tga,vehicles,texture
materials/firewatchtower/wheelset_01_metal.tga,materials/firewatch/thirdparty/vehicles/wheelset_01_metal.tga,vehicles,texture
materials/firewatchtower/wheelset_01_normal.tga,materials/firewatch/thirdparty/vehicles/wheelset_01_normal.tga,vehicles,texture
materials/firewatchtower/wheelset_01_rough.tga,materials/firewatch/thirdparty/vehicles/wheelset_01_rough.tga,vehicles,texture
materials/firewatchtower/wheelset_02_ao.tga,materials/firewatch/thirdparty/vehicles/wheelset_02_ao.tga,vehicles,texture
materials/firewatchtower/wheelset_02_color.tga,materials/firewatch/thirdparty/vehicles/wheelset_02_color.tga,vehicles,texture
materials/firewatchtower/wheelset_02_metal.tga,materials/firewatch/thirdparty/vehicles/wheelset_02_metal.tga,vehicles,texture
materials/firewatchtower/wheelset_02_normal.tga,materials/firewatch/thirdparty/vehicles/wheelset_02_normal.tga,vehicles,texture
materials/firewatchtower/wheelset_02_rough.tga,materials/firewatch/thirdparty/vehicles/wheelset_02_rough.tga,vehicles,texture
materials/firewatchtower/windows_metal.tga,materials/firewatch/thirdparty/_library/windows_metal.tga,_library,texture
materials/firewatchtower/windows_rough.tga,materials/firewatch/thirdparty/_library/windows_rough.tga,_library,texture
materials/firewatchtower/wood_trim_ao.tga,materials/firewatch/thirdparty/_shared/wood_trim_ao.tga,_shared,texture
materials/firewatchtower/wood_trim_color.tga,materials/firewatch/thirdparty/_library/wood_trim_color.tga,_library,texture
materials/firewatchtower/wood_trim_metal.tga,materials/firewatch/thirdparty/_shared/wood_trim_metal.tga,_shared,texture
materials/firewatchtower/wood_trim_normal.tga,materials/firewatch/thirdparty/_shared/wood_trim_normal.tga,_shared,texture
materials/firewatchtower/wood_trim_rough.tga,materials/firewatch/thirdparty/_shared/wood_trim_rough.tga,_shared,texture
